Unnamed: 0.1,Unnamed: 0,Text,Sentiment,Timestamp,User,Platform,Hashtags,Retweets,Likes,Year,Month,Day,Hour
0,0,0.75,1,2023-01-15 12:30:00, User123      , Twitter  ,0.0,15.0,30.0,2023,1,15,12
1,1,-1.0,-1,2023-01-15 08:45:00, CommuterX    , Twitter  ,0.0,5.0,10.0,2023,1,15,8
2,2,0.7500000000000001,1,2023-01-15 15:45:00, FitnessFan   , Instagram ,0.0,20.0,40.0,2023,1,15,15
3,3,0.609375,1,2023-01-15 18:20:00, AdventureX   , Facebook ,0.0,8.0,15.0,2023,1,15,18
4,4,0.13636363636363635,0,2023-01-15 19:55:00, ChefCook     , Instagram ,0.0,12.0,25.0,2023,1,15,19
5,5,-0.1875,1,2023-01-16 09:10:00, GratitudeNow , Twitter  ,0.0,25.0,50.0,2023,1,16,9
6,6,0.02500000000000001,1,2023-01-16 14:45:00, RainyDays    , Facebook ,0.0,10.0,20.0,2023,1,16,14
7,7,0.17045454545454544,1,2023-01-16 19:30:00, MovieBuff    , Instagram ,0.0,15.0,30.0,2023,1,16,19
8,8,0.0,-1,2023-01-17 08:00:00, DebateTalk   , Twitter  ,0.0,30.0,60.0,2023,1,17,8
9,9,-0.2,0,2023-01-17 12:20:00, BeachLover   , Facebook ,0.0,18.0,35.0,2023,1,17,12
10,10,0.17045454545454544,1,2023-01-17 15:15:00, BloggerX     , Instagram ,0.0,22.0,45.0,2023,1,17,15
11,11,0.0,-1,2023-01-18 10:30:00, WellnessCheck, Twitter  ,0.0,7.0,15.0,2023,1,18,10
12,12,-0.16666666666666666,1,2023-01-18 14:50:00, UrbanExplorer, Facebook ,0.0,12.0,25.0,2023,1,18,14
13,13,0.15340909090909088,1,2023-01-18 18:00:00, FitJourney   , Instagram ,0.0,28.0,55.0,2023,1,18,18
14,14,0.13636363636363635,0,2023-01-19 09:45:00, TechEnthusiast, Twitter  ,0.0,15.0,30.0,2023,1,19,9
15,15,-0.25,1,2023-01-19 13:20:00, Reflections  , Facebook ,0.0,20.0,40.0,2023,1,19,13
16,16,0.625,1,2023-01-19 17:10:00, PetAdopter   , Instagram ,0.0,15.0,30.0,2023,1,19,17
17,17,0.0,1,2023-01-20 00:05:00, GamerX       , Twitter  ,0.0,18.0,35.0,2023,1,20,0
18,18,0.0,0,2023-01-20 11:30:00, TechConference, Facebook ,0.0,25.0,50.0,2023,1,20,11
19,19,0.0,-1,2023-01-20 15:15:00, WinterBlues  , Instagram ,0.0,8.0,15.0,2023,1,20,15
20,20,0.6,1,2023-01-21 08:40:00, Bookworm     , Twitter  ,0.0,22.0,45.0,2023,1,21,8
21,21,0.0,1,2023-01-21 13:20:00, VRExplorer   , Facebook ,0.0,15.0,30.0,2023,1,21,13
22,22,0.0,1,2023-01-21 16:45:00, ProductivityPro, Instagram ,0.0,30.0,60.0,2023,1,21,16
23,23,0.65,1,2023-01-22 09:15:00, FitnessWarrior, Twitter  ,0.0,20.0,40.0,2023,1,22,9
24,24,0.0,1,2023-01-22 14:30:00, CareerMilestone, Facebook ,0.0,12.0,25.0,2023,1,22,14
25,25,0.0,1,2023-01-22 12:00:00, BrunchBuddy  , Instagram ,0.0,15.0,30.0,2023,1,22,12
27,28,0.06818181818181818,1,2023-01-23 16:20:00, LanguageLearner, Facebook ,0.0,25.0,50.0,2023,1,23,16
28,29,0.35,1,2023-01-23 19:45:00, BookLover    , Instagram ,0.0,15.0,30.0,2023,1,23,19
29,30,-0.1,1,2023-01-24 11:30:00, MentalHealthMatters, Twitter  ,0.0,22.0,45.0,2023,1,24,11
30,31,0.17045454545454544,1,2023-01-24 15:00:00, ArtistInAction, Facebook ,0.0,12.0,25.0,2023,1,24,15
31,32,0.0,1,2023-01-24 17:30:00, RoadTripper  , Instagram ,0.0,18.0,35.0,2023,1,24,17
32,33,0.5,1,2023-01-25 18:00:00, SunsetWatcher, Twitter  ,0.0,15.0,30.0,2023,1,25,18
33,34,0.13636363636363635,1,2023-01-25 13:15:00, CodeEnthusiast, Facebook ,0.0,30.0,60.0,2023,1,25,13
34,35,0.0,1,2023-01-26 09:45:00, WorkshopAttendee, Instagram ,0.0,25.0,50.0,2023,1,26,9
35,36,0.0,1,2023-01-26 14:20:00, WinterSports  , Twitter  ,0.0,15.0,30.0,2023,1,26,14
36,37,0.0,1,2023-01-26 17:40:00, FamilyTime   , Facebook ,0.0,22.0,45.0,2023,1,26,17
37,38,0.13636363636363635,1,2023-01-27 20:00:00, MusicLover   , Instagram ,0.0,18.0,35.0,2023,1,27,20
38,39,0.0,1,2023-01-27 12:30:00, MindfulMoments, Twitter  ,0.0,15.0,30.0,2023,1,27,12
39,40,0.13636363636363635,1,2023-01-27 16:10:00, DessertExplorer, Facebook ,0.0,12.0,25.0,2023,1,27,16
40,41,0.48750000000000004,1,2023-01-28 09:00:00, GamingEnthusiast, Instagram ,0.0,30.0,60.0,2023,1,28,9
41,42,0.0,1,2023-01-28 14:45:00, GardenPlanner , Twitter  ,0.0,25.0,50.0,2023,1,28,14
42,43,0.0,1,2023-01-28 19:30:00, BirthdayBash , Facebook ,0.0,15.0,30.0,2023,1,28,19
43,44,0.2,1,2023-01-29 17:00:00, ProductivityWin, Instagram ,0.0,22.0,45.0,2023,1,29,17
44,45,0.25,1,2023-01-29 20:20:00, MovieNight   , Twitter  ,0.0,18.0,35.0,2023,1,29,20
45,46,0.0,1,2023-01-30 11:30:00, ArtExplorer  , Facebook ,0.0,15.0,30.0,2023,1,30,11
46,47,0.4948863636363636,1,2023-01-30 15:45:00, BookwormX    , Instagram ,0.0,12.0,25.0,2023,1,30,15
47,48,0.0,1,2023-01-30 18:30:00, VRMeetup     , Twitter  ,0.0,28.0,55.0,2023,1,30,18
48,49,0.0,1,2023-01-31 10:45:00, NatureLover  , Facebook ,0.0,15.0,30.0,2023,1,31,10
49,50,0.5285714285714286,1,2023-01-31 19:00:00, ChefAtHome   , Instagram ,0.0,20.0,40.0,2023,1,31,19
50,51,0.0,1,2023-01-31 16:20:00, OptimisticMindset, Twitter  ,0.0,15.0,30.0,2023,1,31,16
51,52,0.08522727272727272,1,2023-02-01 08:00:00, FitnessChallenge, Facebook ,0.0,22.0,45.0,2023,2,1,8
52,53,0.0,1,2023-02-01 13:30:00, BikeExplorer  , Instagram ,0.0,18.0,35.0,2023,2,1,13
53,55,0.0,-1,2023-02-11 09:30:00, SocialJustice   , Twitter  ,-0.7,20.0,40.0,2023,2,11,9
54,56,0.0,-1,2023-02-11 21:15:00, ThrillerFan     , Instagram ,0.0,15.0,30.0,2023,2,11,21
55,57,0.1,-1,2023-02-12 14:45:00, EmpathyFirst    , Facebook ,0.0,25.0,50.0,2023,2,12,14
56,58,-1.0,-1,2023-02-12 18:20:00, EcoAwareness    , Twitter  ,0.0,18.0,35.0,2023,2,12,18
57,59,0.5964285714285714,1,2023-02-13 10:00:00, ProudFriend     , Instagram ,0.7,30.0,60.0,2023,2,13,10
58,60,1.0,1,2023-02-13 19:30:00, ComedyFan       , Facebook ,0.8,22.0,45.0,2023,2,13,19
59,61,0.39204545454545453,1,2023-02-14 08:30:00, LoveSpreader    , Twitter  ,0.5,15.0,30.0,2023,2,14,8
60,62,0.75,1,2023-02-14 14:20:00, AmusedSoul      , Instagram ,0.0,18.0,35.0,2023,2,14,14
61,63,0.25,1,2023-02-14 19:45:00, BookLoverAgain  , Facebook ,0.0,25.0,50.0,2023,2,14,19
62,64,0.25,1,2023-02-15 11:30:00, NatureAdmirer   , Twitter  ,0.0,20.0,40.0,2023,2,15,11
63,65,0.0,1,2023-02-15 16:00:00, AffectionSender , Instagram ,0.0,15.0,30.0,2023,2,15,16
64,66,1.0,0,2023-02-15 20:30:00, AweStruck       , Facebook ,1.0,22.0,45.0,2023,2,15,20
65,67,-0.375,-1,2023-02-16 09:00:00, FoodieGoneWrong , Twitter  ,-0.75,18.0,35.0,2023,2,16,9
66,68,0.0,0,2023-02-16 14:45:00, HappySurprise   , Instagram ,0.0,25.0,50.0,2023,2,16,14
67,69,0.0,0,2023-02-16 18:20:00, AcceptanceSeeker, Facebook ,0.0,15.0,30.0,2023,2,16,18
68,70,0.625,1,2023-02-17 10:45:00, PetAdorer       , Twitter  ,0.0,22.0,45.0,2023,2,17,10
69,71,0.325,0,2023-02-17 07:30:00, AdventureAwaits  , Instagram ,0.0,20.0,40.0,2023,2,17,7
70,72,-0.1,-1,2023-02-17 15:00:00, LearnFromBitter , Facebook ,0.0,18.0,35.0,2023,2,17,15
71,73,0.1,0,2023-02-18 09:30:00, ZenMaster       , Twitter  ,0.0,15.0,30.0,2023,2,18,9
72,74,0.0,-1,2023-02-18 14:20:00, ConfusedMind    , Instagram ,0.0,25.0,50.0,2023,2,18,14
73,75,0.0,1,2023-02-18 18:45:00, VacationDreamer , Facebook ,0.0,22.0,45.0,2023,2,18,18
74,76,0.0,1,2023-02-19 11:30:00, KindnessPrevails, Twitter  ,0.0,20.0,40.0,2023,2,19,11
75,77,0.0,1,2023-02-19 16:00:00, PersonalAchiever, Instagram ,0.0,30.0,60.0,2023,2,19,16
76,78,-0.7,-1,2023-02-19 19:45:00, ReflectiveSelf  , Facebook ,-0.7,15.0,30.0,2023,2,19,19
77,79,-0.7,-1,2023-02-20 09:30:00, AngryDebater    , Twitter  ,-0.7,20.0,40.0,2023,2,20,9
78,80,-0.1,-1,2023-02-20 21:15:00, FearfulDreamer  , Instagram ,0.0,15.0,30.0,2023,2,20,21
79,81,0.0,-1,2023-02-21 14:45:00, FarewellHeart   , Facebook ,0.0,25.0,50.0,2023,2,21,14
80,82,-1.0,-1,2023-02-21 18:20:00, AntiCorruption  , Twitter  ,0.0,18.0,35.0,2023,2,21,18
81,83,0.4352272727272727,1,2023-02-22 10:00:00, NewParentJoy    , Instagram ,0.7,30.0,60.0,2023,2,22,10
82,84,0.0,1,2023-02-22 19:30:00, StandUpFan      , Facebook ,0.8,22.0,45.0,2023,2,22,19
83,85,0.75,1,2023-02-23 08:30:00, LoveSender      , Twitter  ,0.5,15.0,30.0,2023,2,23,8
84,86,0.26785714285714285,1,2023-02-23 14:20:00, PetAmuser       , Instagram ,0.0,18.0,35.0,2023,2,23,14
85,87,0.625,1,2023-02-23 19:45:00, TravelExplorer  , Facebook ,0.0,25.0,50.0,2023,2,23,19
86,88,0.0,1,2023-02-24 11:30:00, CharityAdmirer  , Twitter  ,0.0,20.0,40.0,2023,2,24,11
87,89,0.0,1,2023-02-24 16:00:00, FamilyLover     , Instagram ,0.0,15.0,30.0,2023,2,24,16
88,90,0.0,0,2023-02-24 20:30:00, Stargazer       , Facebook ,0.0,22.0,45.0,2023,2,24,20
89,91,-0.375,-1,2023-02-25 09:00:00, ProjectStruggle , Twitter  ,-0.75,18.0,35.0,2023,2,25,9
90,92,0.45,0,2023-02-25 14:45:00, JoyfulReunion   , Instagram ,0.0,25.0,50.0,2023,2,25,14
91,93,0.0,0,2023-02-25 18:20:00, LifeAcceptance  , Facebook ,0.0,15.0,30.0,2023,2,25,18
92,94,0.625,1,2023-02-26 10:45:00, PuppyAdmirer    , Twitter  ,0.0,22.0,45.0,2023,2,26,10
93,95,0.0,0,2023-02-26 07:30:00, MovieBuff2      , Instagram ,0.0,20.0,40.0,2023,2,26,7
94,96,-0.1,-1,2023-02-26 15:00:00, CustomerWoes    , Facebook ,0.0,18.0,35.0,2023,2,26,15
95,97,0.0,0,2023-02-27 09:30:00, CalmSoul        , Twitter  ,0.0,15.0,30.0,2023,2,27,9
96,98,0.0,-1,2023-02-27 14:20:00, ConfusedMind2   , Instagram ,0.0,25.0,50.0,2023,2,27,14
97,99,0.0,1,2023-02-27 18:45:00, BirthdayExcite  , Facebook ,0.0,22.0,45.0,2023,2,27,18
98,100,0.0,1,2023-02-28 11:30:00, KindnessObserver, Twitter  ,0.0,20.0,40.0,2023,2,28,11
99,101,0.65,1,2023-02-28 16:00:00, FitAchiever     , Instagram ,0.0,30.0,60.0,2023,2,28,16
100,102,-0.7,-1,2023-02-28 19:45:00, ReflectiveSelf2 , Facebook ,-0.7,15.0,30.0,2023,2,28,19
101,103,0.0,0,2023-03-01 10:45:00, DiversityLover  , Twitter  ,0.0,22.0,45.0,2023,3,1,10
102,104,0.35,1,2023-03-01 13:30:00, BookwormJoy     , Instagram ,0.0,18.0,35.0,2023,3,1,13
103,105,-0.1,-1,2023-03-01 17:45:00, WorkplaceWoes   , Twitter  ,0.0,15.0,30.0,2023,3,1,17
104,106,0.0,0,2023-03-02 18:00:00, MindfulMe       , Facebook ,0.0,15.0,30.0,2023,3,2,18
105,107,0.0,-1,2023-03-02 13:15:00, ConfusedMind3   , Instagram ,0.0,30.0,60.0,2023,3,2,13
106,108,0.13636363636363635,1,2023-03-02 16:45:00, RoadTripper2    , Twitter  ,0.0,25.0,50.0,2023,3,2,16
107,109,0.0,1,2023-03-03 11:30:00, KindnessPrevails2, Facebook ,0.0,22.0,45.0,2023,3,3,11
108,110,0.05,1,2023-03-03 14:30:00, GoalAchiever    , Instagram ,0.0,12.0,25.0,2023,3,3,14
109,111,-0.07500000000000001,-1,2023-03-03 12:00:00, ReflectiveSelf3 , Twitter  ,0.0,15.0,30.0,2023,3,3,12
110,112,0.1,1,2010-05-15 15:30:00, NostalgiaFan    , Twitter  ,0.0,20.0,40.0,2010,5,15,15
111,113,0.0,1,2021-08-10 21:15:00, SportsFanatic   , Instagram ,0.0,15.0,30.0,2021,8,10,21
112,114,0.0,1,2011-06-20 14:45:00, NatureLover2    , Facebook ,0.0,25.0,50.0,2011,6,20,14
113,115,0.0,0,2022-02-12 18:20:00, ZenMaster2      , Twitter  ,0.0,18.0,35.0,2022,2,12,18
114,116,0.0,1,2012-11-25 10:00:00, ThankfulHeart   , Instagram ,0.0,30.0,60.0,2012,11,25,10
115,117,0.0,1,2013-04-05 19:30:00, OptimisticSoul  , Facebook ,0.0,22.0,45.0,2013,4,5,19
116,118,0.0,1,2014-09-14 08:30:00, CommunityLeader , Twitter  ,0.0,15.0,30.0,2014,9,14,8
117,119,0.11666666666666665,1,2015-07-18 14:20:00, CharitySupporter, Instagram ,0.0,18.0,35.0,2015,7,18,14
118,120,0.7,1,2016-02-23 19:45:00, LovingHeart     , Facebook ,0.0,25.0,50.0,2016,2,23,19
119,121,0.35714285714285715,1,2017-10-30 11:30:00, ExcitementFan   , Twitter  ,0.0,20.0,40.0,2017,10,30,11
120,122,0.13636363636363635,1,2018-06-15 16:00:00, ProjectEnthusiast, Instagram ,0.0,15.0,30.0,2018,6,15,16
121,123,0.0,1,2019-03-28 18:20:00, MilestoneAchiever, Facebook ,0.0,22.0,45.0,2019,3,28,18
122,124,0.0,0,2019-11-11 15:00:00, HistoryLover    , Twitter  ,0.0,18.0,35.0,2019,11,11,15
123,125,0.1,1,2020-04-02 09:30:00, JoyfulReunion2  , Instagram ,0.0,25.0,50.0,2020,4,2,9
124,126,0.13636363636363635,1,2021-06-19 14:45:00, MusicEnthusiast , Facebook ,0.0,15.0,30.0,2021,6,19,14
125,127,0.0,1,2010-08-15 10:00:00, SimpleJoys      , Twitter  ,0.0,30.0,60.0,2010,8,15,10
126,128,0.65,0,2011-09-22 19:30:00, BookLover3      , Instagram ,0.0,22.0,45.0,2011,9,22,19
127,129,-0.5055555555555555,1,2012-03-10 08:30:00, SupportiveFriend, Facebook ,0.65,15.0,30.0,2012,3,10,8
128,130,0.13636363636363635,1,2013-12-05 16:00:00, JourneyOptimist , Twitter  ,0.0,18.0,35.0,2013,12,5,16
129,131,0.0,1,2014-07-20 11:30:00, GrowthSeeker    , Instagram ,0.0,25.0,50.0,2014,7,20,11
130,132,0.0,1,2015-12-22 14:20:00, HolidayHelper   , Facebook ,0.0,18.0,35.0,2015,12,22,14
131,133,-0.19999999999999998,1,2016-02-10 19:45:00, WinterWarmth    , Twitter  ,0.0,25.0,50.0,2016,2,10,19
132,134,0.0,1,2017-04-30 11:30:00, AdventureAwaits , Instagram ,0.0,20.0,40.0,2017,4,30,11
133,135,0.65,1,2018-09-15 16:00:00, CreativeSpirit  , Facebook ,0.0,15.0,30.0,2018,9,15,16
134,136,0.65,1,2019-06-28 18:20:00, FitnessAchiever , Twitter  ,0.0,22.0,45.0,2019,6,28,18
135,137,0.0,0,2020-11-11 15:00:00, ArtAppreciator  , Instagram ,0.0,18.0,35.0,2020,11,11,15
136,138,0.0,1,2021-03-02 09:30:00, GoalAchiever2   , Facebook ,0.0,25.0,50.0,2021,3,2,9
137,139,-0.16666666666666666,1,2012-02-18 14:30:00, UrbanExplorer2  , Twitter  ,0.0,20.0,40.0,2012,2,18,14
138,140,0.0,1,2018-11-05 21:45:00, BirthdayJoy     , Instagram ,0.0,15.0,30.0,2018,11,5,21
139,141,0.0,1,2015-09-12 13:20:00, HomeChef        , Facebook ,0.0,25.0,50.0,2015,9,12,13
140,142,0.25,0,2016-07-30 18:10:00, MusicLover4     , Twitter  ,0.0,18.0,35.0,2016,7,30,18
141,143,0.65,1,2013-04-20 10:30:00, CommunityLove   , Instagram ,0.0,30.0,60.0,2013,4,20,10
142,144,0.13636363636363635,1,2017-12-08 19:15:00, EntrepreneurHope, Facebook ,0.0,22.0,45.0,2017,12,8,19
143,145,0.0,1,2014-06-03 08:20:00, MentorEmpower   , Twitter  ,0.0,15.0,30.0,2014,6,3,8
144,146,0.0,1,2019-01-15 14:50:00, KindnessInAction, Instagram ,0.0,18.0,35.0,2019,1,15,14
145,147,0.45499999999999996,1,2016-12-25 19:30:00, LoveExpress     , Facebook ,0.0,25.0,50.0,2016,12,25,19
146,148,0.0,1,2018-03-10 09:45:00, TravelExcitement, Twitter  ,0.0,20.0,40.0,2018,3,10,9
147,149,0.3053030303030303,1,2020-09-17 16:30:00, ArtisticSpirit  , Instagram ,0.0,15.0,30.0,2020,9,17,16
148,150,0.0,1,2011-08-28 18:45:00, HelperHeart     , Facebook ,0.0,22.0,45.0,2011,8,28,18
149,151,0.0,0,2017-11-01 15:30:00, HistoryBuff     , Twitter  ,0.0,18.0,35.0,2017,11,1,15
150,152,0.0,1,2019-06-15 10:00:00, FitnessAchiever2, Instagram ,0.0,25.0,50.0,2019,6,15,10
151,153,0.75,1,2022-04-03 11:45:00, ProductLaunchJoy, Facebook ,0.0,15.0,30.0,2022,4,3,11
152,154,0.7,1,2010-11-12 20:20:00, LovingEmbrace   , Twitter  ,0.5,30.0,60.0,2010,11,12,20
153,155,0.0,0,2011-07-22 18:30:00, SunsetWatcher2  , Instagram ,0.0,22.0,45.0,2011,7,22,18
154,156,-0.25,1,2012-03-30 11:20:00, JoyfulHeart2    , Facebook ,0.0,15.0,30.0,2012,3,30,11
155,157,0.0,1,2013-10-05 16:40:00, GrowthOptimist  , Twitter  ,0.0,18.0,35.0,2013,10,5,16
156,158,0.13636363636363635,1,2014-07-10 13:15:00, SkillEmpower    , Instagram ,0.0,25.0,50.0,2014,7,10,13
157,159,0.0,1,2015-12-18 14:20:00, CharityVolunteer, Facebook ,0.0,18.0,35.0,2015,12,18,14
158,160,0.0,1,2016-02-10 19:45:00, PetLove         , Twitter  ,0.0,25.0,50.0,2016,2,10,19
159,161,0.0,1,2017-09-25 11:30:00, FestivalFan     , Instagram ,0.0,20.0,40.0,2017,9,25,11
160,162,0.0,1,2018-04-15 16:00:00, DIYEnthusiast   , Facebook ,0.0,15.0,30.0,2018,4,15,16
161,163,0.65,1,2019-11-28 18:20:00, PuzzleMaster    , Twitter  ,0.0,22.0,45.0,2019,11,28,18
162,164,0.0,0,2020-05-11 15:00:00, NatureAdmirer   , Instagram ,0.0,18.0,35.0,2020,5,11,15
163,165,0.0,1,2021-02-05 09:30:00, ChildhoodJoy    , Facebook ,0.0,25.0,50.0,2021,2,5,9
164,166,0.0,-1,2021-03-10 08:30:00, StrugglingSoul    , Twitter  ,0.0,5.0,10.0,2021,3,10,8
165,167,-0.10000000000000002,-1,2022-07-05 15:45:00, MourningHeart     , Instagram ,-0.8,8.0,15.0,2022,7,5,15
166,168,0.0,-1,2019-11-18 21:20:00, SolitarySoul      , Facebook ,0.0,10.0,20.0,2019,11,18,21
167,169,0.3,-1,2020-08-12 11:30:00, EnviousObserver   , Twitter  ,0.0,12.0,25.0,2020,8,12,11
168,170,-0.25,-1,2018-05-22 14:45:00, BitterHeart       , Instagram ,0.0,7.0,15.0,2018,5,22,14
169,171,-0.05,-1,2017-01-30 16:10:00, BlockedGoals      , Facebook ,0.0,10.0,20.0,2017,1,30,16
170,172,-0.2916666666666667,-1,2016-09-28 19:45:00, BoredMind         , Twitter  ,0.0,8.0,15.0,2016,9,28,19
171,173,0.0,-1,2019-04-15 09:00:00, WorriedMind       , Instagram ,0.0,12.0,25.0,2019,4,15,9
172,174,-0.05,-1,2021-12-03 18:30:00, FearfulSoul       , Facebook ,0.0,15.0,30.0,2021,12,3,18
173,175,-0.1,-1,2020-06-20 14:20:00, OverwhelmedHeart  , Twitter  ,0.0,8.0,15.0,2020,6,20,14
174,176,0.0,-1,2018-11-07 11:30:00, CovetousMind     , Instagram ,0.0,10.0,20.0,2018,11,7,11
175,177,0.0,-1,2017-08-25 16:00:00, RemorsefulSoul   , Facebook ,0.0,12.0,25.0,2017,8,25,16
176,178,-0.7,-1,2019-02-11 09:45:00, DisgustedHeart   , Twitter  ,-0.7,7.0,15.0,2019,2,11,9
177,179,-0.1,-1,2016-04-02 20:20:00, HopelessHeart    , Instagram ,0.0,10.0,20.0,2016,4,2,20
178,180,-0.3333333333333333,-1,2015-10-18 15:30:00, TearfulSoul      , Facebook ,-0.8,12.0,25.0,2015,10,18,15
179,181,0.0,-1,2019-07-12 18:10:00, IsolatedMind     , Twitter  ,0.0,15.0,30.0,2019,7,12,18
180,182,0.0,-1,2018-06-03 16:30:00, SelfDoubt        , Instagram ,0.0,8.0,15.0,2018,6,3,16
181,183,0.0,-1,2022-01-15 12:00:00, BrokenTrust      , Facebook ,0.0,10.0,20.0,2022,1,15,12
182,184,0.0,-1,2017-04-10 14:45:00, ExplosiveMind    , Twitter  ,0.0,12.0,25.0,2017,4,10,14
183,185,-0.16666666666666666,-1,2016-11-28 19:00:00, MundaneHeart     , Instagram ,0.0,7.0,15.0,2016,11,28,19
184,186,0.0,-1,2018-09-05 09:30:00, RestlessMind     , Facebook ,0.0,10.0,20.0,2018,9,5,9
185,187,0.0,-1,2021-10-22 18:30:00, FearfulJourney   , Twitter  ,0.0,15.0,30.0,2021,10,22,18
186,188,0.0,-1,2019-05-08 14:20:00, OverwhelmedSoul  , Instagram ,0.0,8.0,15.0,2019,5,8,14
187,189,0.3,-1,2017-03-20 11:30:00, GreenEyedMonster , Facebook ,0.0,10.0,20.0,2017,3,20,11
188,190,-0.35,-1,2018-12-15 16:00:00, RegretfulMind    , Twitter  ,0.0,12.0,25.0,2018,12,15,16
189,191,0.0,-1,2016-07-01 09:45:00, CorruptedHeart   , Instagram ,0.0,7.0,15.0,2016,7,1,9
190,192,0.0,-1,2020-08-20 20:20:00, DrowningSoul     , Facebook ,0.0,10.0,20.0,2020,8,20,20
191,193,-0.8,-1,2021-02-25 15:30:00, StormyHeart      , Twitter  ,-0.8,12.0,25.0,2021,2,25,15
192,194,-0.1,-1,2019-09-12 18:10:00, EchoingSoul     , Instagram ,0.0,15.0,30.0,2019,9,12,18
193,195,0.0,-1,2018-08-05 16:30:00, PoisonedMind    , Facebook ,0.0,8.0,15.0,2018,8,5,16
194,196,0.0,-1,2017-01-12 12:00:00, UnforgivingSoul  , Twitter  ,0.0,10.0,20.0,2017,1,12,12
195,197,0.0,-1,2022-04-05 14:45:00, ThunderingMind   , Instagram ,0.0,12.0,25.0,2022,4,5,14
196,198,0.0,-1,2021-10-02 19:00:00, StagnantHeart    , Facebook ,0.0,7.0,15.0,2021,10,2,19
197,199,0.0,0,2023-04-15 10:15:00, InquisitiveMind   , Twitter  ,0.0,15.0,30.0,2023,4,15,10
198,200,0.0,0,2022-11-28 17:30:00, ApatheticObserver , Instagram ,0.0,7.0,15.0,2022,11,28,17
199,201,-0.3,-1,2020-04-02 09:45:00, SeekingClarity    , Facebook ,0.0,10.0,20.0,2020,4,2,9
200,202,0.65,-1,2021-08-10 14:00:00, EmotionallyDistant , Twitter  ,0.0,8.0,15.0,2021,8,10,14
201,203,0.0,-1,2019-06-18 20:45:00, SunsetDreamer     , Instagram ,0.0,12.0,25.0,2019,6,18,20
202,204,0.1,-1,2018-02-05 15:15:00, MemoryLaneTraveler , Facebook ,0.0,10.0,20.0,2018,2,5,15
203,205,0.0,-1,2022-05-30 11:30:00, MixedFeelings     , Twitter  ,0.0,12.0,25.0,2022,5,30,11
204,206,0.0,0,2023-01-10 16:20:00, ZenLifestyle      , Instagram ,0.0,15.0,30.0,2023,1,10,16
205,207,-0.6666666666666666,0,2020-09-18 13:45:00, ResilientSpirit   , Facebook ,0.0,10.0,20.0,2020,9,18,13
206,208,0.2,0,2021-07-03 19:00:00, NatureSoul        , Twitter  ,0.0,12.0,25.0,2021,7,3,19
207,209,-0.15555555555555559,0,2022-10-08 08:15:00, EternalLearner    , Instagram ,0.0,20.0,40.0,2022,10,8,8
208,210,-0.16666666666666666,0,2023-03-22 16:30:00, AloofObserver     , Facebook ,0.0,10.0,20.0,2023,3,22,16
209,211,0.0,-1,2021-05-15 11:45:00, ThoughtExplorer   , Twitter  ,0.0,15.0,30.0,2021,5,15,11
210,212,-0.3,-1,2019-12-28 14:30:00, StoicSoul         , Instagram ,0.0,8.0,15.0,2019,12,28,14
211,213,0.0,-1,2020-03-01 19:00:00, DreamerInSilence  , Facebook ,0.0,12.0,25.0,2020,3,1,19
212,214,0.025,-1,2018-07-10 15:45:00, JournalKeeper     , Twitter  ,0.0,10.0,20.0,2018,7,10,15
213,215,0.0,-1,2022-01-05 10:30:00, ThreadWeaver      , Instagram ,0.0,12.0,25.0,2022,1,5,10
214,216,0.7,0,2021-08-20 16:20:00, SelfLoveAdvocate  , Facebook ,0.0,15.0,30.0,2021,8,20,16
215,217,-0.05,0,2019-11-03 13:45:00, DreamChaser       , Twitter  ,0.0,18.0,35.0,2019,11,3,13
216,218,0.25,0,2020-04-12 19:30:00, OceanSoul         , Instagram ,0.0,25.0,50.0,2020,4,12,19
217,219,0.06818181818181818,0,2022-04-15 08:45:00, HorizonExplorer   , Facebook ,0.0,22.0,45.0,2022,4,15,8
218,220,0.0,0,2023-02-10 17:00:00, NonchalantSpirit  , Twitter  ,0.0,9.0,18.0,2023,2,10,17
219,221,0.52,-1,2020-08-05 12:15:00, ComplexThinker    , Instagram ,0.0,14.0,28.0,2020,8,5,12
220,222,0.0,-1,2021-12-01 15:30:00, ShieldedHeart     , Facebook ,0.0,10.0,20.0,2021,12,1,15
221,223,0.0,-1,2019-03-25 21:00:00, SymphonySoul      , Twitter  ,0.0,13.0,26.0,2019,3,25,21
222,224,0.1,-1,2017-06-18 14:45:00, YearbookExplorer  , Instagram ,0.0,12.0,25.0,2017,6,18,14
223,225,0.0,-1,2022-07-08 11:30:00, DecisiveDilemma   , Facebook ,0.0,15.0,30.0,2022,7,8,11
224,226,0.0,0,2023-05-15 16:20:00, ImperfectHarmony  , Twitter  ,0.0,18.0,36.0,2023,5,15,16
225,227,0.0,0,2021-09-10 14:45:00, VisionarySpirit   , Instagram ,0.0,20.0,40.0,2021,9,10,14
226,228,0.0,0,2020-02-28 18:30:00, ForestDreamer     , Facebook ,0.0,25.0,50.0,2020,2,28,18
227,231,0.0,0,2023-03-10 16:30:00, SilentSpectator   , Instagram ,0.0,9.0,18.0,2023,3,10,16
228,232,0.0,-1,2021-05-02 11:45:00, MazeNavigator     , Facebook ,0.0,14.0,28.0,2021,5,2,11
229,233,0.0,-1,2019-10-18 14:30:00, ResilientFortress , Twitter  ,0.0,11.0,22.0,2019,10,18,14
230,234,0.0,-1,2020-01-05 20:00:00, CanvasDreamer     , Instagram ,0.0,13.0,26.0,2020,1,5,20
231,235,-0.075,-1,2018-08-10 15:45:00, DiaryExplorer     , Facebook ,0.0,12.0,25.0,2018,8,10,15
232,236,0.0,-1,2022-01-15 10:30:00, CrossroadsTraveler , Twitter  ,0.0,15.0,30.0,2022,1,15,10
233,237,0.85,0,2021-07-20 16:20:00, MosaicDreamer     , Instagram ,0.0,18.0,36.0,2021,7,20,16
234,238,0.43333333333333335,0,2019-12-03 13:45:00, PathfinderSpirit  , Facebook ,0.0,20.0,40.0,2019,12,3,13
235,239,-0.2,0,2020-04-12 19:30:00, RaindropHarmony   , Twitter  ,0.0,25.0,50.0,2020,4,12,19
236,240,-0.1,0,2022-05-08 08:45:00, SeekerOfUnknowns  , Instagram ,0.0,22.0,45.0,2022,5,8,8
237,241,0.0,0,2023-02-22 17:00:00, NonchalantWanderer, Facebook ,0.0,9.0,18.0,2023,2,22,17
238,242,0.0,-1,2020-06-05 12:15:00, ShadowedSeeker    , Twitter  ,0.0,14.0,28.0,2020,6,5,12
239,243,0.0,-1,2021-11-30 15:30:00, TurbulentShield   , Instagram ,0.0,10.0,20.0,2021,11,30,15
240,244,0.0,-1,2019-02-25 21:00:00, WistfulPainter    , Facebook ,0.0,13.0,26.0,2019,2,25,21
241,245,0.1,-1,2017-05-18 14:45:00, TaleWeaver        , Twitter  ,0.0,12.0,25.0,2017,5,18,14
242,246,0.0,-1,2022-08-05 11:30:00, CrossroadsExplorer, Instagram ,0.0,15.0,30.0,2022,8,5,11
243,247,-0.16666666666666666,0,2023-06-15 16:20:00, MosaicArtist      , Facebook ,0.0,18.0,36.0,2023,6,15,16
244,248,0.0,0,2021-10-10 14:45:00, DreamSculptor     , Twitter  ,0.0,20.0,40.0,2021,10,10,14
245,249,0.0,0,2020-05-12 19:30:00, MoonlitSoul       , Instagram ,0.0,25.0,50.0,2020,5,12,19
246,250,0.0,0,2022-12-01 09:15:00, FearlessExplorer  , Facebook ,0.0,22.0,44.0,2022,12,1,9
247,251,0.0,-1,2021-11-30 15:30:00, TurbulentShield , Instagram ,0.0,10.0,20.0,2021,11,30,15
248,252,0.8,1,2018-07-12 17:45:00, JoyfulDancer , Twitter ,0.0,15.0,30.0,2018,7,12,17
249,253,0.3,1,2020-09-05 20:10:00, SereneBasker , Facebook ,0.0,18.0,36.0,2020,9,5,20
250,254,0.0,1,2022-04-18 08:00:00, DreamPainter , Instagram ,0.0,12.0,24.0,2022,4,18,8
251,255,0.8,1,2019-12-10 12:20:00, OakAchiever , Twitter ,0.8,25.0,50.0,2019,12,10,12
252,256,0.0,1,2023-02-28 09:45:00, HeartGardener , Facebook ,0.0,20.0,40.0,2023,2,28,9
253,257,0.0,0,2018-04-03 14:15:00, ThreadWeaver , Instagram ,0.0,15.0,30.0,2018,4,3,14
254,258,-0.1,1,2022-06-20 10:30:00, CloudCaretaker , Twitter ,0.0,18.0,36.0,2022,6,20,10
255,259,0.15000000000000002,1,2020-07-08 18:00:00, RainDancer , Facebook ,0.0,22.0,44.0,2020,7,8,18
256,260,0.52,1,2021-08-15 11:10:00, SkyPainter , Instagram ,0.0,20.0,40.0,2021,8,15,11
257,261,0.12878787878787878,1,2019-10-25 16:50:00, PhoenixExplorer , Twitter ,0.0,15.0,30.0,2019,10,25,16
258,262,0.36363636363636365,1,2023-10-05 07:30:00, SunriseNavigator , Facebook ,0.0,12.0,24.0,2023,10,5,7
259,263,0.0,1,2022-02-15 13:15:00, SandStrider , Instagram ,0.65,25.0,50.0,2022,2,15,13
260,264,0.0,0,2021-05-08 22:00:00, NightSerenader , Twitter ,0.0,13.0,26.0,2021,5,8,22
261,265,0.0,0,2020-11-29 14:45:00, KnowledgeSeeker , Instagram ,0.0,17.0,34.0,2020,11,29,14
262,266,0.0,-1,2019-09-14 10:20:00, BreezeWaltzer , Facebook ,0.0,14.0,28.0,2019,9,14,10
263,267,0.325,1,2022-03-12 19:55:00, StarNavigator , Twitter ,0.0,19.0,38.0,2022,3,12,19
264,268,0.8,1,2023-03-30 16:30:00, MeadowSprinter , Instagram ,0.0,16.0,32.0,2023,3,30,16
265,269,0.1,1,2021-07-01 12:10:00, RainNurturer , Facebook ,0.0,21.0,42.0,2021,7,1,12
266,270,0.7,1,2020-01-05 08:45:00, PeakConqueror , Twitter ,0.8,23.0,46.0,2020,1,5,8
267,271,0.0,1,2022-07-17 06:15:00, DawnGardener , Instagram ,0.0,14.0,28.0,2022,7,17,6
268,272,0.0,1,2018-08-22 17:20:00, CarnivalDreamer , Facebook ,0.0,24.0,48.0,2018,8,22,17
269,273,0.0,1,2021-12-08 14:30:00, SkyArtist , Twitter ,0.0,18.0,36.0,2021,12,8,14
270,274,0.0,1,2019-04-27 09:50:00, RiverNavigator , Instagram ,0.0,20.0,40.0,2019,4,27,9
271,275,-0.15,0,2023-09-03 21:40:00, LanternWanderer , Facebook ,0.0,16.0,32.0,2023,9,3,21
272,276,0.1,1,2020-06-10 10:05:00, DreamSoarer , Twitter ,0.0,22.0,44.0,2020,6,10,10
273,277,0.44999999999999996,1,2022-04-01 18:30:00, SunsetAdmirer , Instagram ,0.0,19.0,38.0,2022,4,1,18
274,278,0.65,1,2021-01-15 13:00:00, DanceStrider , Facebook ,0.65,23.0,46.0,2021,1,15,13
275,279,0.0,1,2023-05-06 07:20:00, WindWhisperer , Twitter ,0.0,15.0,30.0,2023,5,6,7
276,280,0.8,1,2019-11-18 15:15:00, JugglingArtist , Instagram ,0.0,25.0,50.0,2019,11,18,15
277,281,0.0,1,2020-08-29 20:45:00, StarStoryteller , Facebook ,0.0,14.0,28.0,2020,8,29,20
278,282,0.0,1,2022-10-30 11:40:00, WaveNavigator , Twitter ,0.0,17.0,34.0,2022,10,30,11
279,283,0.1,1,2021-07-01 12:10:00, RainNurturer , Instagram ,0.0,21.0,42.0,2021,7,1,12
280,284,0.7,1,2020-01-05 08:45:00, PeakConqueror , Twitter ,0.8,23.0,46.0,2020,1,5,8
281,285,0.0,1,2022-07-17 06:15:00, DawnGardener , Instagram ,0.0,14.0,28.0,2022,7,17,6
282,286,0.0,1,2018-08-22 17:20:00, CarnivalDreamer , Facebook ,0.0,24.0,48.0,2018,8,22,17
283,287,0.0,1,2021-12-08 14:30:00, SkyArtist , Twitter ,0.0,18.0,36.0,2021,12,8,14
284,288,0.0,1,2019-04-27 09:50:00, RiverNavigator , Instagram ,0.0,20.0,40.0,2019,4,27,9
285,289,-0.15,0,2023-09-03 21:40:00, LanternWanderer , Facebook ,0.0,16.0,32.0,2023,9,3,21
286,290,0.1,1,2020-06-10 10:05:00, DreamSoarer , Twitter ,0.0,22.0,44.0,2020,6,10,10
287,291,0.44999999999999996,1,2022-04-01 18:30:00, SunsetAdmirer , Instagram ,0.0,19.0,38.0,2022,4,1,18
288,292,0.65,1,2021-01-15 13:00:00, DanceStrider , Facebook ,0.65,23.0,46.0,2021,1,15,13
289,293,0.0,1,2023-05-06 07:20:00, WindWhisperer , Twitter ,0.0,15.0,30.0,2023,5,6,7
290,294,0.8,1,2019-11-18 15:15:00, JugglingArtist , Instagram ,0.0,25.0,50.0,2019,11,18,15
291,295,0.0,1,2020-08-29 20:45:00, StarStoryteller , Facebook ,0.0,14.0,28.0,2020,8,29,20
292,296,0.0,1,2022-10-30 11:40:00, WaveNavigator , Twitter ,0.0,17.0,34.0,2022,10,30,11
293,297,0.1,1,2021-07-01 12:10:00, RainNurturer , Instagram ,0.0,21.0,42.0,2021,7,1,12
294,298,0.7,1,2020-01-05 08:45:00, PeakConqueror , Twitter ,0.8,23.0,46.0,2020,1,5,8
295,299,0.0,1,2022-07-17 06:15:00, DawnGardener , Instagram ,0.0,14.0,28.0,2022,7,17,6
296,300,0.0,1,2018-08-22 17:20:00, CarnivalDreamer , Facebook ,0.0,24.0,48.0,2018,8,22,17
297,301,0.0,-1,2021-09-15 16:00:00, ShatteredHeart , Instagram ,0.0,8.0,16.0,2021,9,15,16
298,302,0.0,-1,2019-03-08 14:20:00, VenomousSoul , Facebook ,0.0,12.0,24.0,2019,3,8,14
299,303,-0.2,-1,2017-07-20 11:45:00, DesertWanderer , Twitter ,0.0,15.0,30.0,2017,7,20,11
300,304,-0.35,-1,2020-11-02 19:30:00, ColdEmbrace , Instagram ,0.0,10.0,20.0,2020,11,2,19
301,305,-0.3333333333333333,-1,2022-05-12 02:00:00, NightPrisoner , Facebook ,-0.9,18.0,36.0,2022,5,12,2
302,306,0.0,-1,2023-04-08 13:15:00, TightropeWalker , Twitter ,0.0,14.0,28.0,2023,4,8,13
303,307,0.0,-1,2021-06-25 17:50:00, AtlasBearer , Instagram ,0.0,22.0,44.0,2021,6,25,17
304,308,0.075,-1,2019-08-30 10:10:00, GreenMonster , Facebook ,0.0,16.0,32.0,2019,8,30,10
305,309,-0.4,-1,2022-08-03 15:30:00, StormSurvivor , Twitter ,0.0,25.0,50.0,2022,8,3,15
306,310,-0.7,-1,2020-12-17 09:20:00, PuzzleComposer , Instagram ,-0.7,12.0,24.0,2020,12,17,9
307,311,-0.7,-1,2021-02-28 22:45:00, GildedHeartache , Facebook ,0.0,20.0,40.0,2021,2,28,22
308,312,0.0,-1,2018-05-10 14:00:00, IndifferentFort , Twitter ,0.0,14.0,28.0,2018,5,10,14
309,313,-0.6,-1,2022-01-07 11:10:00, DreamMosaic , Instagram ,-0.7,15.0,30.0,2022,1,7,11
310,314,0.0,-1,2019-09-19 03:30:00, NocturnalEcho , Facebook ,0.0,18.0,36.0,2019,9,19,3
311,315,-0.38333333333333336,-1,2023-07-14 23:00:00, DarkWhispers , Twitter ,-0.9,13.0,26.0,2023,7,14,23
312,316,-0.1,-1,2020-04-05 16:20:00, LingeringTaste , Instagram ,0.0,10.0,20.0,2020,4,5,16
313,317,0.0,-1,2021-11-29 08:45:00, TempestSurvivor , Facebook ,0.0,20.0,40.0,2021,11,29,8
314,318,0.0,-1,2019-12-12 17:00:00, VenomousHeart , Twitter ,0.0,16.0,32.0,2019,12,12,17
315,319,0.0,-1,2022-05-20 14:50:00, FragileTrust , Instagram ,0.0,25.0,50.0,2022,5,20,14
316,320,-0.4000000000000001,-1,2020-09-03 12:15:00, BrokenThreads , Facebook ,-0.7,14.0,28.0,2020,9,3,12
317,321,0.06666666666666667,-1,2021-02-10 19:30:00, SuccessPill , Twitter ,0.0,20.0,40.0,2021,2,10,19
318,322,0.0,-1,2018-08-18 14:40:00, CurtainShield , Instagram ,0.0,12.0,24.0,2018,8,18,14
319,323,-0.1,-1,2022-02-28 21:00:00, FoggyLabyrinth , Facebook ,0.0,8.0,16.0,2022,2,28,21
320,324,-0.1,-1,2019-10-15 10:30:00, IcyResentment , Twitter ,0.0,15.0,30.0,2019,10,15,10
321,325,-0.45499999999999996,-1,2017-12-01 18:50:00, SolitaryMoon , Instagram ,0.0,18.0,36.0,2017,12,1,18
322,326,0.0,-1,2020-04-18 16:15:00, VanishedSunset , Facebook ,0.0,10.0,20.0,2020,4,18,16
323,327,-0.9,-1,2023-01-07 03:30:00, NightPrisoner , Twitter ,-0.9,18.0,36.0,2023,1,7,3
324,328,0.1,-1,2021-06-10 10:00:00, WindWhisperer , Instagram ,0.0,14.0,28.0,2021,6,10,10
325,329,0.0,-1,2020-02-22 15:20:00, MazeExplorer , Facebook ,0.0,22.0,44.0,2020,2,22,15
326,330,0.0,-1,2018-03-17 14:45:00, WoundedGarden , Twitter ,0.0,16.0,32.0,2018,3,17,14
327,331,0.02500000000000001,-1,2022-10-28 11:15:00, RuinedHeart , Instagram ,0.0,25.0,50.0,2022,10,28,11
328,332,-0.26666666666666666,-1,2020-11-01 12:30:00, KnotUntangler , Facebook ,-0.7,14.0,28.0,2020,11,1,12
329,333,0.0,-1,2021-01-15 22:10:00, ElusiveKeys , Twitter ,0.0,20.0,40.0,2021,1,15,22
330,334,0.0,-1,2018-08-18 14:00:00, IndifferentFort , Instagram ,0.0,12.0,24.0,2018,8,18,14
331,335,-0.6,-1,2022-01-07 11:10:00, DreamMosaic , Twitter ,-0.7,15.0,30.0,2022,1,7,11
332,336,0.0,-1,2019-09-19 03:30:00, NocturnalEcho , Facebook ,0.0,18.0,36.0,2019,9,19,3
333,337,1.0,0,2022-04-03 06:15:00, NatureAdmirer  , Instagram ,0.0,28.0,55.0,2022,4,3,6
334,338,0.0,0,2023-10-12 10:30:00, GoalPursuer    , Twitter  ,0.0,15.0,30.0,2023,10,12,10
335,339,0.1,-1,2019-06-28 19:00:00, MemoryLane     , Facebook ,0.0,22.0,45.0,2019,6,28,19
336,340,0.35,1,2020-09-15 14:45:00, CultureEnthusiast , Instagram ,0.0,40.0,80.0,2020,9,15,14
337,341,0.0,0,2017-11-08 21:20:00, RainWatcher    , Twitter  ,0.0,18.0,35.0,2017,11,8,21
338,342,0.0,-1,2021-05-20 17:30:00, PersonalJourney , Facebook ,0.0,25.0,50.0,2021,5,20,17
339,343,0.0,1,2023-01-10 12:00:00, VacationDreamer , Instagram ,0.0,30.0,60.0,2023,1,10,12
340,344,0.0,1,2018-12-05 08:45:00, LifeLearner   , Twitter  ,0.0,35.0,70.0,2018,12,5,8
341,345,0.0,-1,2020-03-15 18:30:00, FarewellSender , Instagram ,0.0,20.0,40.0,2020,3,15,18
342,346,0.0,0,2016-08-22 15:10:00, HistoryExplorer , Facebook ,0.0,18.0,35.0,2016,8,22,15
343,347,0.0,1,2019-08-20 16:00:00, CraftEnthusiast , Instagram ,0.0,25.0,50.0,2019,8,20,16
344,348,-0.19999999999999998,1,2021-12-08 19:30:00, WinterLover     , Twitter  ,0.0,18.0,35.0,2021,12,8,19
345,349,0.16666666666666666,0,2020-06-10 20:45:00, SunsetWatcher   , Instagram ,0.0,30.0,60.0,2020,6,10,20
346,350,0.0,1,2022-02-28 07:15:00, FitnessJunkie   , Facebook ,0.0,40.0,80.0,2022,2,28,7
347,351,0.0,1,2017-04-15 08:00:00, CoffeeLover     , Twitter  ,0.0,22.0,45.0,2017,4,15,8
348,352,0.65,1,2018-09-05 14:20:00, HikingExplorer  , Instagram ,0.0,35.0,70.0,2018,9,5,14
349,353,0.0,1,2022-10-22 12:45:00, KittyObserver   , Facebook ,0.0,15.0,30.0,2022,10,22,12
350,354,0.0,0,2016-07-02 23:30:00, Stargazer       , Twitter  ,0.0,28.0,55.0,2016,7,2,23
351,355,0.0,1,2020-11-18 17:10:00, FriendshipRenewal , Instagram ,0.0,20.0,40.0,2020,11,18,17
352,356,0.0,1,2023-03-05 15:00:00, CelebrationPlanner , Facebook ,0.0,30.0,60.0,2023,3,5,15
353,357,0.75,1,2015-12-01 11:30:00, DIYEnthusiast   , Twitter  ,0.0,25.0,50.0,2015,12,1,11
354,358,0.65,1,2021-09-10 09:45:00, CommunityHelper , Instagram ,0.0,18.0,35.0,2021,9,10,9
355,359,0.35,0,2018-05-12 14:20:00, GardenEnthusiast , Facebook ,0.0,22.0,45.0,2018,5,12,14
356,360,0.65,0,2022-07-25 10:00:00, Wanderlust      , Twitter  ,0.0,40.0,80.0,2022,7,25,10
357,361,0.0,0,2019-03-08 18:30:00, GrowthSeeker    , Instagram ,0.0,35.0,70.0,2019,3,8,18
358,362,-0.65,-1,2017-01-28 21:15:00, ChildhoodMemories , Facebook ,0.0,20.0,40.0,2017,1,28,21
359,363,0.48333333333333334,0,2016-11-14 13:45:00, CultureExplorer , Twitter  ,0.0,28.0,55.0,2016,11,14,13
360,364,0.0,0,2020-04-02 17:30:00, PublicSpeaker   , Instagram ,0.0,15.0,30.0,2020,4,2,17
361,365,0.52,1,2023-01-15 19:00:00, FamilyCelebration , Facebook ,0.0,25.0,50.0,2023,1,15,19
362,366,0.13636363636363635,1,2018-08-07 12:15:00, LifelongLearner , Twitter  ,0.0,30.0,60.0,2018,8,7,12
363,367,-0.16666666666666666,0,2019-10-18 16:45:00, CityExplorer    , Instagram ,0.0,18.0,35.0,2019,10,18,16
364,368,0.65,1,2022-06-30 07:00:00, FitnessAchiever , Facebook ,0.0,22.0,45.0,2022,6,30,7
365,369,0.0,1,2017-06-12 18:20:00, RainbowChaser   , Twitter  ,0.0,35.0,70.0,2017,6,12,18
366,370,0.4000000000000001,1,2021-07-05 09:30:00, FutureOptimist  , Instagram ,0.0,20.0,40.0,2021,7,5,9
367,371,0.0,1,2016-04-15 14:50:00, CareerAchiever  , Facebook ,0.0,28.0,55.0,2016,4,15,14
368,372,0.7,1,2020-02-10 11:15:00, SunnyDayEnthusiast , Twitter  ,0.7,15.0,30.0,2020,2,10,11
369,373,0.39,1,2018-09-22 16:30:00, Bookworm        , Instagram ,0.0,40.0,80.0,2018,9,22,16
370,374,0.0,0,2015-11-08 10:00:00, ArchaeologyEnthusiast , Facebook ,0.0,18.0,35.0,2015,11,8,10
371,375,0.0,1,2022-08-10 22:00:00, NightSkyObserver , Instagram ,0.0,25.0,50.0,2022,8,10,22
372,376,0.0,0,2019-04-05 17:30:00, ArtConnoisseur  , Twitter  ,0.0,18.0,35.0,2019,4,5,17
373,377,0.8,1,2020-12-15 15:45:00, PlayfulParent   , Facebook ,0.0,22.0,45.0,2020,12,15,15
374,378,0.0,0,2017-10-20 08:15:00, ZenSeeker       , Instagram ,0.0,35.0,70.0,2017,10,20,8
375,379,0.05333333333333334,1,2021-02-28 13:00:00, SkyDreamer      , Twitter  ,0.0,30.0,60.0,2021,2,28,13
376,380,0.0,1,2018-06-12 20:30:00, DanceEnthusiast , Facebook ,0.0,28.0,55.0,2018,6,12,20
377,381,0.0,1,2016-03-08 14:20:00, FairyTaleExplorer , Instagram ,0.0,20.0,40.0,2016,3,8,14
378,382,-0.15,-1,2023-04-18 17:10:00, RuinsExplorer   , Twitter  ,0.0,18.0,35.0,2023,4,18,17
379,383,0.7,1,2020-07-25 12:45:00, RollercoasterFan , Facebook ,0.0,22.0,45.0,2020,7,25,12
380,384,0.0,1,2019-11-30 19:30:00, MusicHarmonist  , Instagram ,0.0,35.0,70.0,2019,11,30,19
381,385,0.0,1,2015-09-01 16:00:00, StudioArtist    , Twitter  ,0.0,15.0,30.0,2015,9,1,16
382,386,0.8,1,2022-05-05 10:15:00, SpringEnthusiast , Facebook ,0.0,25.0,50.0,2022,5,5,10
383,387,0.0,0,2018-07-08 23:00:00, CosmosExplorer  , Instagram ,0.0,40.0,80.0,2018,7,8,23
384,388,0.4,1,2021-09-20 14:30:00, SeaBreezeLover , Twitter  ,0.0,18.0,35.0,2021,9,20,14
385,389,0.0,0,2016-11-15 11:45:00, ForestDreamer   , Facebook ,0.0,28.0,55.0,2016,11,15,11
386,390,-0.6,0,2020-01-12 18:00:00, WinterWarmth    , Instagram ,0.0,30.0,60.0,2020,1,12,18
387,391,0.0,1,2017-12-28 19:15:00, FamilyGatherer , Facebook ,0.0,22.0,45.0,2017,12,28,19
388,392,0.25,1,2019-03-02 20:20:00, CulinaryExplorer , Twitter  ,0.0,35.0,70.0,2019,3,2,20
389,393,0.0,1,2022-06-08 15:30:00, PuzzleSolver    , Instagram ,0.0,20.0,40.0,2022,6,8,15
390,394,0.0,0,2018-08-18 14:45:00, CathedralVisitor , Facebook ,0.0,18.0,35.0,2018,8,18,14
391,395,0.52,1,2022-08-10 22:00:00, NightSkyObserver , Instagram ,0.0,25.0,50.0,2022,8,10,22
392,396,0.0,1,2019-04-05 17:30:00, MusicLover      , Twitter  ,0.0,18.0,35.0,2019,4,5,17
393,397,0.13636363636363635,1,2020-12-15 15:45:00, CarnivalGoer    , Facebook ,0.0,22.0,45.0,2020,12,15,15
394,398,0.0,1,2017-10-20 08:15:00, MindfulExplorer , Instagram ,0.0,35.0,70.0,2017,10,20,8
395,399,0.52,1,2021-02-28 13:00:00, CoastalExplorer , Twitter  ,0.0,30.0,60.0,2021,2,28,13
396,400,0.75,1,2018-06-12 20:30:00, MasqueradeAttendee , Facebook ,0.0,28.0,55.0,2018,6,12,20
397,401,-0.5,1,2016-03-08 14:20:00, FairyTaleAdventurer , Instagram ,0.0,20.0,40.0,2016,3,8,14
398,402,-0.15,0,2023-04-18 17:10:00, RuinsExplorer   , Twitter  ,0.0,18.0,35.0,2023,4,18,17
399,403,0.1,0,2020-07-25 12:45:00, ThrillSeeker    , Facebook ,0.0,22.0,45.0,2020,7,25,12
400,404,0.0,1,2019-11-30 19:30:00, MusicHarmonist  , Instagram ,0.0,35.0,70.0,2019,11,30,19
401,405,0.43333333333333335,1,2015-09-01 16:00:00, StudioArtist    , Twitter  ,0.0,15.0,30.0,2015,9,1,16
402,406,0.8,1,2022-05-05 10:15:00, SpringEnthusiast , Facebook ,0.0,25.0,50.0,2022,5,5,10
403,407,0.0,0,2018-07-08 23:00:00, CosmosExplorer  , Instagram ,0.0,40.0,80.0,2018,7,8,23
404,408,0.4,1,2021-09-20 14:30:00, SeaBreezeLover , Twitter  ,0.0,18.0,35.0,2021,9,20,14
405,409,0.0,0,2016-11-15 11:45:00, ForestDreamer   , Facebook ,0.0,28.0,55.0,2016,11,15,11
406,410,-0.6,0,2020-01-12 18:00:00, WinterWarmth    , Instagram ,0.0,30.0,60.0,2020,1,12,18
407,411,0.0,1,2017-12-28 19:15:00, FamilyGatherer , Facebook ,0.0,22.0,45.0,2017,12,28,19
408,412,0.0,1,2019-03-02 20:20:00, CulinaryExplorer , Twitter  ,0.0,35.0,70.0,2019,3,2,20
409,413,0.65,1,2022-06-08 15:30:00, PuzzleSolver    , Instagram ,0.0,20.0,40.0,2022,6,8,15
410,414,0.0,0,2018-08-18 14:45:00, CathedralVisitor , Facebook ,0.0,18.0,35.0,2018,8,18,14
411,415,0.0,0,2015-11-08 10:00:00, ArchaeologyEnthusiast , Instagram ,0.0,18.0,35.0,2015,11,8,10
412,416,0.25,1,2020-12-02 17:30:00, SnowfallEnthusiast , Twitter  ,0.0,22.0,45.0,2020,12,2,17
413,417,0.3,1,2017-06-10 12:15:00, BreadLover     , Instagram ,0.0,28.0,55.0,2017,6,10,12
414,418,0.0,0,2021-04-15 14:20:00, NatureResilient , Facebook ,0.0,35.0,70.0,2021,4,15,14
415,419,0.65,0,2019-09-28 19:45:00, Bookworm       , Twitter  ,0.0,20.0,40.0,2019,9,28,19
416,420,0.1,-1,2016-12-05 21:00:00, FamilyHistorian , Instagram ,0.0,25.0,50.0,2016,12,5,21
417,421,0.0,1,2018-02-10 23:30:00, NightSkyWatcher , Facebook ,0.0,30.0,60.0,2018,2,10,23
418,422,0.3,1,2023-02-15 08:30:00, TeaEnthusiast  , Twitter  ,0.0,18.0,35.0,2023,2,15,8
419,423,0.16666666666666666,1,2015-08-22 15:00:00, MarketExplorer , Instagram ,0.0,22.0,45.0,2015,8,22,15
420,424,0.0,0,2020-11-20 18:45:00, LakesideRetreater , Facebook ,0.0,28.0,55.0,2020,11,20,18
421,425,0.5,-1,2019-08-05 21:00:00, LostInLove      , Instagram ,0.0,15.0,30.0,2019,8,5,21
422,426,0.0,-1,2021-02-12 16:45:00, SolitudeSeeker , Twitter  ,0.0,18.0,35.0,2021,2,12,16
423,427,0.0,-1,2020-11-28 14:20:00, FriendshipsEnd  , Facebook ,-0.8,22.0,45.0,2020,11,28,14
424,428,-0.125,-1,2016-05-15 22:30:00, LostInDarkness  , Instagram ,0.0,28.0,55.0,2016,5,15,22
425,429,0.0,-1,2018-09-10 13:15:00, BrokenTrust     , Twitter  ,0.0,22.0,45.0,2018,9,10,13
426,430,0.0,-1,2022-03-20 19:30:00, SilentSufferer  , Facebook ,0.0,25.0,50.0,2022,3,20,19
427,431,0.0,-1,2017-07-18 17:45:00, StormyFeelings  , Instagram ,0.0,30.0,60.0,2017,7,18,17
428,432,-0.175,-1,2018-12-15 10:00:00, LingeringGhost  , Twitter  ,0.0,18.0,35.0,2018,12,15,10
429,433,-0.8,-1,2015-06-28 21:15:00, EchoesOfLoss    , Facebook ,-0.8,28.0,55.0,2015,6,28,21
430,434,-0.05,-1,2020-04-02 14:20:00, WinterOfEmotions , Instagram ,0.0,35.0,70.0,2020,4,2,14
431,435,-0.3,0,2019-10-08 18:30:00, ShatteredHopes  , Twitter  ,-0.6,20.0,40.0,2019,10,8,18
432,436,-0.09999999999999998,1,2016-11-22 09:45:00, AbyssOfTime     , Facebook ,0.0,22.0,45.0,2016,11,22,9
433,437,0.0,-1,2022-08-18 22:00:00, SolitaryDescent , Instagram ,0.0,40.0,80.0,2022,8,18,22
434,438,0.0,-1,2017-03-12 23:30:00, SerenadeOfSolitude , Twitter ,0.0,18.0,35.0,2017,3,12,23
435,439,0.0,-1,2015-12-15 16:15:00, PoisonedHeart   , Facebook ,0.0,25.0,50.0,2015,12,15,16
436,440,0.2,-1,2021-09-05 13:30:00, WearySoulCrushed , Instagram ,0.0,35.0,70.0,2021,9,5,13
437,441,0.0,-1,2018-05-22 20:45:00, StringsOfSorrow , Twitter  ,0.0,18.0,35.0,2018,5,22,20
438,442,0.0,-1,2016-07-10 18:20:00, SoulInShadow    , Facebook ,0.0,28.0,55.0,2016,7,10,18
439,443,0.0,-1,2019-04-30 14:00:00, WhisperedDespair , Instagram ,0.0,22.0,45.0,2019,4,30,14
440,444,-0.15,-1,2022-01-08 11:30:00, DreamsInWind    , Twitter  ,0.0,20.0,40.0,2022,1,8,11
441,445,0.0,-1,2017-09-10 19:15:00, DreamEchoes , Twitter ,0.0,20.0,40.0,2017,9,10,19
442,446,0.0,-1,2022-04-18 11:30:00, RemorseWalker , Instagram ,0.0,25.0,50.0,2022,4,18,11
443,447,0.0,-1,2018-12-05 21:45:00, JoyLabyrinth , Facebook ,-0.8,18.0,35.0,2018,12,5,21
444,448,0.0,-1,2016-06-28 14:20:00, SolitudeSeas , Twitter ,0.0,22.0,45.0,2016,6,28,14
445,449,0.0,-1,2019-10-22 17:00:00, PalateStainer , Instagram ,0.0,15.0,30.0,2019,10,22,17
446,450,-0.15,-1,2021-03-15 22:45:00, HopeRuins , Facebook ,0.0,28.0,55.0,2021,3,15,22
447,451,0.0,-1,2017-08-10 19:30:00, OceanSinker , Twitter ,0.0,22.0,45.0,2017,8,10,19
448,452,-0.4,-1,2023-01-28 14:30:00, InkJournalist , Instagram ,-0.8,30.0,60.0,2023,1,28,14
449,453,-0.4,-1,2016-12-12 10:00:00, TrustWasteland , Facebook ,0.0,25.0,50.0,2016,12,12,10
450,454,0.0,0,2020-07-18 15:15:00, DreamTightrope , Twitter ,0.0,35.0,70.0,2020,7,18,15
451,455,-0.5,-1,2022-05-20 20:30:00, EchoedLaughter , Instagram ,0.0,30.0,60.0,2022,5,20,20
452,456,0.0,-1,2019-11-08 14:45:00, PossibilityGhost , Twitter ,0.0,18.0,35.0,2019,11,8,14
453,457,-0.2625,-1,2017-03-28 22:00:00, EndlessLabyrinth , Facebook ,0.0,28.0,55.0,2017,3,28,22
454,458,0.0,-1,2020-09-15 18:15:00, RiverOfSorrow , Instagram ,0.0,22.0,45.0,2020,9,15,18
455,459,-0.2,-1,2018-06-10 13:30:00, DreamGardener , Twitter ,0.0,20.0,40.0,2018,6,10,13
456,460,-0.13333333333333333,-1,2016-12-22 21:45:00, CurrencyOfTears , Facebook ,-0.8,25.0,50.0,2016,12,22,21
457,461,-0.65,-1,2021-01-05 16:20:00, MazeWanderer , Instagram ,0.0,15.0,30.0,2021,1,5,16
458,462,0.39000000000000007,-1,2019-04-18 11:00:00, StormSeeker , Twitter ,0.0,22.0,45.0,2019,4,18,11
459,463,0.0,-1,2017-08-28 19:30:00, TapestrySorrow , Facebook ,0.0,18.0,35.0,2017,8,28,19
460,464,0.3666666666666667,-1,2023-02-10 14:30:00, WitheredRose , Instagram ,0.0,28.0,55.0,2023,2,10,14
461,465,0.5,-1,2022-07-10 22:15:00, LoveSongEcho , Instagram ,0.0,30.0,60.0,2022,7,10,22
462,466,0.0,-1,2019-05-15 21:30:00, MoonlitMemories , Twitter ,0.0,18.0,35.0,2019,5,15,21
463,467,-0.8,-1,2018-11-28 14:00:00, SymphonyOfTears , Facebook ,-0.8,22.0,45.0,2018,11,28,14
464,468,0.0,-1,2021-03-02 17:45:00, VenomousGarden , Instagram ,0.0,25.0,50.0,2021,3,2,17
465,469,-0.1,-1,2016-10-18 19:30:00, QuicksandFighter , Twitter ,0.0,20.0,40.0,2016,10,18,19
466,470,0.0,-1,2020-08-15 12:30:00, DreamCemetery , Facebook ,0.0,28.0,55.0,2020,8,15,12
467,471,-0.25,-1,2017-04-28 16:20:00, RegretRiver , Instagram ,0.0,18.0,35.0,2017,4,28,16
468,472,0.5,-1,2019-09-10 21:00:00, HeartAttic , Twitter ,0.0,22.0,45.0,2019,9,10,21
469,473,-0.55,-1,2022-01-28 13:45:00, PromiseGallery , Facebook ,0.0,15.0,30.0,2022,1,28,13
470,474,0.0,-1,2016-06-15 22:30:00, EchoedConversation , Instagram ,0.0,30.0,60.0,2016,6,15,22
471,475,0.4,1,2021-08-20 15:45:00, SunshineDancer , Instagram ,0.8,40.0,80.0,2021,8,20,15
472,476,0.475,1,2018-04-12 18:30:00, EchoedLaughter , Twitter ,0.7,35.0,70.0,2018,4,12,18
473,477,0.4,1,2022-02-15 12:20:00, GardenOfJoy , Facebook ,0.0,25.0,50.0,2022,2,15,12
474,478,0.16666666666666666,1,2019-10-28 14:15:00, DreamChaser , Instagram ,0.0,30.0,60.0,2019,10,28,14
475,479,0.35,1,2017-12-22 21:00:00, StarSerenader , Twitter ,0.0,22.0,45.0,2017,12,22,21
476,480,0.7,1,2020-06-10 17:30:00, GlowAchiever , Facebook ,0.0,28.0,55.0,2020,6,10,17
477,481,0.0,1,2016-09-18 19:45:00, DanceHarmony , Instagram ,0.0,18.0,35.0,2016,9,18,19
478,482,0.8,1,2023-03-10 14:30:00, LaughterCup , Twitter ,0.8,20.0,40.0,2023,3,10,14
479,483,0.5,1,2019-05-05 12:15:00, QuiltedCompassion , Facebook ,0.0,25.0,50.0,2019,5,5,12
480,484,0.0,1,2018-08-28 16:00:00, FriendshipGarden , Instagram ,0.0,30.0,60.0,2018,8,28,16
481,485,0.5,1,2022-11-15 20:45:00, MelodyOfLove , Twitter ,0.5,35.0,70.0,2022,11,15,20
482,486,0.3375,1,2019-07-02 17:00:00, ColorfulLaughter , Instagram ,0.8,40.0,80.0,2019,7,2,17
483,487,0.0,1,2021-04-18 14:20:00, SymphonyFervor , Facebook ,0.0,30.0,60.0,2021,4,18,14
484,488,0.0,0,2023-02-05 19:30:00, WrappedDelight , Twitter ,0.0,25.0,50.0,2023,2,5,19
485,489,0.0,0,2018-09-22 12:45:00, MazeDiscovery , Instagram ,0.0,22.0,45.0,2018,9,22,12
486,490,0.0,1,2016-12-10 21:15:00, CloudsOfBlessings , Facebook ,0.0,28.0,55.0,2016,12,10,21
487,491,0.0,0,2020-05-28 16:00:00, CometCreativity , Twitter ,0.0,18.0,35.0,2020,5,28,16
488,492,0.35,1,2017-11-15 22:30:00, FireworksTriumph , Instagram ,0.0,22.0,45.0,2017,11,15,22
489,493,0.16666666666666666,1,2021-08-02 19:00:00, LaughterSymphony , Facebook ,0.7,30.0,60.0,2021,8,2,19
490,494,0.1,1,2019-03-28 15:30:00, EmotionCarnival , Instagram ,0.0,35.0,70.0,2019,3,28,15
491,495,0.0,0,2018-05-12 17:30:00, ParisDreamer , Twitter ,0.0,28.0,55.0,2018,5,12,17
492,496,0.0,1,2022-09-28 15:45:00, DisneylandExplorer , Instagram ,0.0,30.0,60.0,2022,9,28,15
493,497,0.0,1,2019-11-10 14:00:00, FerrariSpeedster , Facebook ,0.0,22.0,45.0,2019,11,10,14
494,498,0.8,1,2021-04-02 18:20:00, KeukenhofAdventurer , Instagram ,0.8,35.0,70.0,2021,4,2,18
495,499,0.0,0,2017-08-22 21:30:00, KyotoAdventurer , Twitter ,0.0,18.0,35.0,2017,8,22,21
496,500,0.65,0,2020-06-15 16:45:00, CanyonMarveler , Instagram ,0.0,25.0,50.0,2020,6,15,16
497,501,0.0,0,2016-09-10 19:15:00, SantoriniTraveler , Facebook ,0.0,22.0,45.0,2016,9,10,19
498,502,0.0,0,2023-01-28 13:00:00, PetraExplorer , Twitter ,0.0,30.0,60.0,2023,1,28,13
499,503,0.0,1,2019-04-18 16:30:00, VeniceRomantic , Instagram ,0.0,20.0,40.0,2019,4,18,16
500,504,1.0,0,2017-11-05 22:00:00, MachuPicchuAdventurer , Facebook ,0.0,28.0,55.0,2017,11,5,22
501,505,0.101010101010101,1,2022-07-20 21:45:00, TimesSquareExplorer , Instagram ,0.0,35.0,70.0,2022,7,20,21
502,506,0.0,0,2018-03-15 17:30:00, ColosseumAdventurer , Twitter ,0.0,25.0,50.0,2018,3,15,17
503,507,0.0,0,2019-10-28 14:15:00, MaldivesSailor , Facebook ,0.0,22.0,45.0,2019,10,28,14
504,508,0.0,0,2021-06-10 16:00:00, AmazonExplorer , Instagram ,0.0,30.0,60.0,2021,6,10,16
505,509,0.8,0,2017-08-18 19:30:00, GreatWallWalker , Twitter ,0.0,18.0,35.0,2017,8,18,19
506,510,1.0,1,2020-04-15 05:30:00, FujiSummitAchiever , Facebook ,0.0,28.0,55.0,2020,4,15,5
507,511,-0.15,0,2016-11-22 13:00:00, AngkorWatAdventurer , Instagram ,0.0,20.0,40.0,2016,11,22,13
508,512,-0.15555555555555559,1,2019-01-10 14:45:00, AlpsSkiAdventurer , Twitter ,0.0,22.0,45.0,2019,1,10,14
509,513,0.0,0,2023-02-28 16:20:00, KyotoBambooSeeker , Facebook ,0.0,25.0,50.0,2023,2,28,16
510,514,0.45,1,2018-05-28 18:30:00, NorwayFjordExplorer , Instagram ,0.0,22.0,45.0,2018,5,28,18
511,515,0.0,0,2022-09-15 20:00:00, AdeleConcertGoer , Instagram ,0.0,40.0,80.0,2022,9,15,20
512,516,0.032467532467532464,1,2019-07-28 21:30:00, BeyonceDancer , Twitter ,0.0,35.0,70.0,2019,7,28,21
513,517,0.5,1,2021-05-10 19:45:00, SwiftieDreamer , Facebook ,0.0,30.0,60.0,2021,5,10,19
514,518,0.0,-1,2018-12-02 22:15:00, QueenTributeFan , Instagram ,0.0,22.0,45.0,2018,12,2,22
515,519,0.7,0,2020-08-18 19:00:00, SheeranMelodyLover , Twitter ,0.0,18.0,35.0,2020,8,18,19
516,520,0.8,1,2017-03-28 20:30:00, MarsJoyExplorer , Facebook ,0.8,28.0,55.0,2017,3,28,20
517,521,0.0,1,2022-01-15 21:15:00, MJTributeDancer , Instagram ,0.0,25.0,50.0,2022,1,15,21
518,522,0.8,0,2019-06-10 18:45:00, SinatraCharmListener , Twitter ,0.0,22.0,45.0,2019,6,10,18
519,523,0.0,0,2023-03-20 22:30:00, MetallicaMoshWarrior , Facebook ,0.0,35.0,70.0,2023,3,20,22
520,524,0.65,1,2016-11-28 19:00:00, ColdplayHopeSeeker , Instagram ,0.0,30.0,60.0,2016,11,28,19
521,525,0.0,1,2018-08-05 20:00:00, BieberDanceEnthusiast , Instagram ,0.0,40.0,80.0,2018,8,5,20
522,526,0.0,1,2021-04-15 21:30:00, GagaArtisticChameleon , Twitter ,0.0,35.0,70.0,2021,4,15,21
523,527,0.52,0,2019-11-28 19:45:00, AdeleMelodyTearjerker , Facebook ,0.0,30.0,60.0,2019,11,28,19
524,528,0.0,0,2020-06-22 22:00:00, KatyPerryColorExplosion , Instagram ,0.0,22.0,45.0,2020,6,22,22
525,529,0.0,1,2017-09-10 20:15:00, JayZEmpireListener , Twitter ,0.0,18.0,35.0,2017,9,10,20
526,530,0.0,0,2022-02-28 21:15:00, ShakiraHipsDancer , Facebook ,0.0,28.0,55.0,2022,2,28,21
527,531,0.0,0,2016-05-15 19:30:00, U2ConnectionSeeker , Instagram ,0.0,25.0,50.0,2016,5,15,19
528,532,0.425,1,2018-12-10 22:30:00, GunsNRosesRiffRockstar , Twitter ,0.5,22.0,45.0,2018,12,10,22
529,533,0.16,1,2023-01-22 20:00:00, ArianaEuphoriaChaser , Facebook ,0.0,35.0,70.0,2023,1,22,20
530,534,0.0,0,2020-03-05 18:45:00, MarleyReggaeTraveler , Instagram ,0.0,30.0,60.0,2020,3,5,18
531,535,0.0,1,2018-10-12 20:00:00, MovieEnthusiastPremiereAttendee , Twitter ,0.0,40.0,80.0,2018,10,12,20
532,536,0.08333333333333333,-1,2019-06-25 22:15:00, FilmLoverNostalgiaSeeker , Instagram ,0.0,35.0,70.0,2019,6,25,22
533,537,0.65,0,2020-07-08 19:30:00, WebSeriesViewerCharacterConnection , Facebook ,0.0,30.0,60.0,2020,7,8,19
534,538,0.0,1,2017-09-18 21:45:00, IndieFilmmakerFestivalSuccess , Twitter ,0.0,22.0,45.0,2017,9,18,21
535,539,0.5,0,2021-01-15 18:00:00, DramaEnthusiastHeartwarmingMoments , Instagram ,0.0,28.0,55.0,2021,1,15,18
536,540,0.65,1,2016-02-28 20:30:00, AwardWinningActorOscarsRecipient , Facebook ,0.0,18.0,35.0,2016,2,28,20
537,541,-0.16666666666666666,0,2022-04-20 17:30:00, DocumentaryEnthusiastHiddenGemFinder , Twitter ,0.0,22.0,45.0,2022,4,20,17
538,542,0.0,0,2019-11-05 21:15:00, FilmBuffContemplativeViewer , Instagram ,0.0,28.0,55.0,2019,11,5,21
539,543,0.325,0,2015-07-12 22:00:00, CrimeSeriesEnthusiastThrillSeeker , Facebook ,0.0,35.0,70.0,2015,7,12,22
540,544,0.041666666666666664,1,2020-09-10 19:45:00, FilmCriticSatisfactionSeeker , Twitter ,0.0,22.0,45.0,2020,9,10,19
541,545,0.4,1,2018-07-15 21:30:00, FootballFanWorldCupCelebration , Instagram ,0.8,40.0,80.0,2018,7,15,21
542,546,0.625,0,2020-08-08 19:45:00, OlympicsEnthusiastGoldMedalWinner , Twitter ,0.0,35.0,70.0,2020,8,8,19
543,547,0.0,1,2019-06-25 22:15:00, CricketFanChampionshipThrills , Facebook ,0.0,30.0,60.0,2019,6,25,22
544,548,0.52,1,2021-11-07 17:30:00, MarathonSpectatorRecordBreaking , Instagram ,0.0,22.0,45.0,2021,11,7,17
545,549,0.65,0,2017-09-10 20:15:00, TennisEnthusiastGrandSlamDrama , Twitter ,0.0,28.0,55.0,2017,9,10,20
546,550,0.0,1,2022-06-20 21:00:00, BasketballFanUnderdogTriumph , Facebook ,0.0,18.0,35.0,2022,6,20,21
547,551,0.7583333333333333,0,2016-04-10 18:30:00, GolfEnthusiastPrecisionVictory , Instagram ,0.0,22.0,45.0,2016,4,10,18
548,552,0.0,1,2019-11-24 19:45:00, F1FanHighSpeedRaceExcitement , Twitter ,0.0,28.0,55.0,2019,11,24,19
549,553,0.65,0,2015-09-28 22:30:00, CyclingEnthusiastWorldChampion , Facebook ,0.0,35.0,70.0,2015,9,28,22
550,554,0.4,1,2020-12-12 20:00:00, HockeyFanComebackVictory , Instagram ,0.0,22.0,45.0,2020,12,12,20
551,555,-0.04999999999999999,0,2019-11-02 18:45:00, SoccerFanTeamDefeats , Twitter ,-0.6,40.0,80.0,2019,11,2,18
552,556,0.16,-1,2018-07-10 21:15:00, TennisEnthusiastUnexpectedSetback , Instagram ,0.0,35.0,70.0,2018,7,10,21
553,557,0.25,0,2020-09-18 19:30:00, BoxingFanChampionshipDefeat , Facebook ,0.0,30.0,60.0,2020,9,18,19
554,558,0.0,-1,2017-05-15 22:00:00, CyclingEnthusiastTireBlowout , Twitter ,0.0,22.0,45.0,2017,5,15,22
555,559,0.1,-1,2021-04-05 20:15:00, GymnasticsFanRoutineFall , Instagram ,0.0,28.0,55.0,2021,4,5,20
556,560,0.0,-1,2016-08-20 18:30:00, GolfEnthusiastMissedPutt , Facebook ,0.0,18.0,35.0,2016,8,20,18
557,561,0.0,0,2019-02-12 19:45:00, BasketballFanTeamLosses , Twitter ,0.0,22.0,45.0,2019,2,12,19
558,562,-0.3,-1,2015-06-28 20:00:00, SwimmingEnthusiastRaceSetback , Instagram ,0.0,28.0,55.0,2015,6,28,20
559,563,0.0,-1,2022-01-08 21:30:00, WeightliftingFanFailedRecord , Facebook ,0.0,35.0,70.0,2022,1,8,21
560,564,0.45499999999999996,-1,2018-12-15 20:15:00, SoccerPlayerOwnGoalMoment , Twitter ,0.0,22.0,45.0,2018,12,15,20
561,565,0.0,0,2021-07-10 19:00:00, NatureEnthusiastSunsetWonder , Instagram ,0.0,40.0,80.0,2021,7,10,19
562,566,0.21666666666666667,1,2019-09-28 20:30:00, TravelEnthusiastRoadTripDiscovery , Twitter ,0.0,35.0,70.0,2019,9,28,20
563,567,0.0,0,2022-03-15 18:45:00, UrbanExplorerCafeSolitude , Facebook ,0.0,30.0,60.0,2022,3,15,18
564,568,0.13333333333333333,1,2017-11-05 21:15:00, ArtEnthusiastStreetArtExploration , Instagram ,0.0,22.0,45.0,2017,11,5,21
565,569,0.13636363636363635,0,2020-05-20 16:30:00, ScienceEnthusiastDiscoveryMoment , Twitter ,0.0,28.0,55.0,2020,5,20,16
566,570,0.06818181818181818,1,2016-08-22 19:45:00, MusicLoverLiveOrchestraExperience , Facebook ,0.0,18.0,35.0,2016,8,22,19
567,571,0.7,1,2023-04-10 17:15:00, HomeBakerDeliciousMemories , Instagram ,0.0,22.0,45.0,2023,4,10,17
568,572,-0.125,1,2015-12-18 18:00:00, HistoryBuffMuseumExploration , Twitter ,0.0,28.0,55.0,2015,12,18,18
569,573,0.2,1,2021-10-08 20:30:00, BookwormCaptivatingNovelEscape , Facebook ,0.0,35.0,70.0,2021,10,8,20
570,574,0.2708333333333333,1,2019-03-22 21:45:00, PhotographyEnthusiastMarketMoments , Instagram ,0.0,22.0,45.0,2019,3,22,21
571,575,0.3,1,2018-06-15 22:00:00, DanceEnthusiastCityNightPerformance , Twitter ,0.0,40.0,80.0,2018,6,15,22
572,576,0.0,1,2019-08-28 19:30:00, FoodieMarketStreetFoodExploration , Instagram ,0.0,35.0,70.0,2019,8,28,19
573,577,0.375,1,2022-12-01 17:45:00, SnowLoverWinterEnthusiast , Facebook ,0.0,30.0,60.0,2022,12,1,17
574,578,0.48750000000000004,1,2017-04-10 21:15:00, MysteryBookwormSuspensefulRead , Twitter ,0.0,22.0,45.0,2017,4,10,21
575,579,0.48333333333333334,1,2020-05-15 18:30:00, GardeningEnthusiastFlowerGarden , Instagram ,0.0,28.0,55.0,2020,5,15,18
576,580,-0.16666666666666666,1,2016-09-22 20:00:00, AstronomyEnthusiastStargazing , Facebook ,0.0,18.0,35.0,2016,9,22,20
577,581,0.3,1,2023-02-12 19:45:00, CoffeeLoverWritersRetreat , Twitter ,0.0,22.0,45.0,2023,2,12,19
578,582,0.0,1,2015-11-10 21:00:00, FashionEnthusiastDesignerShowcase , Instagram ,0.0,28.0,55.0,2015,11,10,21
579,583,0.0,1,2021-07-20 18:15:00, SurfingEnthusiastWaveRider , Facebook ,0.0,22.0,45.0,2021,7,20,18
580,584,-0.125,1,2019-04-18 20:30:00, HistoryExplorerAncientCityTour , Twitter ,0.0,35.0,70.0,2019,4,18,20
581,585,0.6174999999999999,1,2023-05-20 19:45:00, CrushAvoider , Twitter ,0.0,15.0,30.0,2023,5,20,19
582,586,0.0,-1,2023-05-21 21:00:00, MovieBuff , Instagram ,0.0,18.0,35.0,2023,5,21,21
583,587,0.3666666666666667,1,2023-05-22 14:30:00, SelfieAddict , Facebook ,0.0,22.0,45.0,2023,5,22,14
584,588,-0.52,-1,2023-05-23 16:45:00, AudioExplorer , Twitter ,0.0,20.0,40.0,2023,5,23,16
585,589,0.0,0,2023-05-24 13:15:00, MemeCreator , Instagram ,0.0,25.0,50.0,2023,5,24,13
586,590,0.0,0,2023-05-25 19:00:00, FashionBlunder , Facebook ,0.0,20.0,40.0,2023,5,25,19
587,591,0.0,1,2023-05-26 14:20:00, GroupGenius , Twitter ,0.0,28.0,55.0,2023,5,26,14
588,592,0.0,-1,2023-05-27 21:15:00, ChipExplorer , Instagram ,0.0,22.0,45.0,2023,5,27,21
589,593,0.4,0,2023-05-28 12:00:00, ExcitementSeeker , Facebook ,0.0,18.0,35.0,2023,5,28,12
590,594,0.03939393939393939,1,2023-05-29 23:30:00, NightReader , Twitter ,0.0,30.0,60.0,2023,5,29,23
591,595,-0.08787878787878789,1,2023-05-30 20:45:00, GamingEnthusiast , Instagram ,0.0,22.0,45.0,2023,5,30,20
592,596,0.018181818181818174,1,2023-05-31 15:30:00, LazyWatcher , Facebook ,0.0,35.0,70.0,2023,5,31,15
593,597,0.65,1,2023-06-01 18:00:00, TrendExplorer , Twitter ,0.0,20.0,40.0,2023,6,1,18
594,598,0.13636363636363635,-1,2023-06-02 14:30:00, MusicalExplorer , Instagram ,0.0,28.0,55.0,2023,6,2,14
595,599,0.7,1,2023-06-03 21:15:00, MusicAficionado , Facebook ,0.0,22.0,45.0,2023,6,3,21
596,600,0.9375,1,2023-06-04 19:30:00, HomeChef , Twitter ,0.0,25.0,50.0,2023,6,4,19
597,601,0.75,1,2023-06-05 10:00:00, AdventureSeeker , Instagram ,0.0,18.0,35.0,2023,6,5,10
598,602,0.0,1,2023-06-06 22:30:00, DanceEnthusiast , Facebook ,0.0,28.0,55.0,2023,6,6,22
599,603,0.0,1,2023-06-07 12:45:00, NostalgiaExplorer , Twitter ,0.0,22.0,45.0,2023,6,7,12
600,604,0.25,1,2023-06-08 16:00:00, HomeDecorator , Instagram ,0.0,35.0,70.0,2023,6,8,16
601,605,-0.1,0,2023-06-09 14:00:00, ArtExplorer , Facebook ,0.0,20.0,40.0,2023,6,9,14
602,606,-0.18181818181818182,0,2023-06-10 17:30:00, ThoughtfulBlogger , Twitter ,0.0,30.0,60.0,2023,6,10,17
603,607,0.7,1,2023-06-11 15:30:00, NovelEnthusiast , Instagram ,0.0,35.0,70.0,2023,6,11,15
604,608,0.0,1,2023-06-12 18:00:00, WiseSoul , Twitter ,0.0,28.0,55.0,2023,6,12,18
605,609,-0.05454545454545454,0,2023-06-13 14:45:00, ArtAdventurer , Facebook ,0.0,22.0,45.0,2023,6,13,14
606,610,0.35,1,2023-06-14 19:30:00, HomeChefSenior , Instagram ,0.0,25.0,50.0,2023,6,14,19
607,611,0.12424242424242422,0,2023-06-15 12:15:00, LinguisticExplorer , Twitter ,0.0,30.0,60.0,2023,6,15,12
608,612,0.0,1,2023-06-16 21:45:00, MusicConnoisseur , Facebook ,0.0,18.0,35.0,2023,6,16,21
609,613,0.0,1,2023-06-17 15:00:00, PhotographySenior , Instagram ,0.0,35.0,70.0,2023,6,17,15
610,614,0.22499999999999998,1,2023-06-18 11:30:00, TeaTimeSenior , Twitter ,0.0,28.0,55.0,2023,6,18,11
611,615,-0.125,1,2023-06-19 16:30:00, RoadTripSenior , Facebook ,0.0,22.0,45.0,2023,6,19,16
612,616,0.0,1,2023-06-20 14:20:00, ChoirEnthusiast , Instagram ,0.0,20.0,40.0,2023,6,20,14
613,617,0.0,1,2023-06-21 19:00:00, MeditationSenior , Twitter ,0.0,18.0,35.0,2023,6,21,19
614,618,0.0,1,2023-06-22 13:45:00, GardenEnthusiast , Facebook ,0.0,25.0,50.0,2023,6,22,13
615,619,0.65,1,2023-06-23 18:45:00, WineConnoisseur , Instagram ,0.0,28.0,55.0,2023,6,23,18
616,620,0.3,1,2023-06-24 16:15:00, ArtisticSenior , Twitter ,0.0,22.0,45.0,2023,6,24,16
617,621,0.0,1,2023-06-25 20:30:00, MemoiristSenior , Facebook ,0.0,35.0,70.0,2023,6,25,20
618,622,-0.175,0,2023-06-26 14:00:00, HistoryEnthusiast , Instagram ,0.0,30.0,60.0,2023,6,26,14
619,623,0.4,1,2023-06-27 17:45:00, FamilyChefSenior , Twitter ,0.0,20.0,40.0,2023,6,27,17
620,624,0.8,1,2023-06-28 22:15:00, NaturePhotographySenior , Facebook ,0.0,18.0,35.0,2023,6,28,22
621,625,0.15,1,2023-06-29 16:30:00, JazzMusicLover , Instagram ,0.0,25.0,50.0,2023,6,29,16
622,626,-0.15555555555555559,1,2023-06-30 19:30:00, SeniorWordsmith , Twitter ,0.0,28.0,55.0,2023,6,30,19
623,627,0.47863636363636364,1,2023-07-01 14:00:00, SoloAdventurer , Instagram ,0.0,30.0,60.0,2023,7,1,14
624,628,0.0,1,2023-07-02 18:30:00, CarEnthusiastSenior , Facebook ,0.0,22.0,45.0,2023,7,2,18
625,629,-0.25,1,2023-07-03 12:45:00, GreenThumbSenior , Twitter ,0.0,28.0,55.0,2023,7,3,12
626,630,0.7,1,2023-07-04 17:00:00, FamilyHostSenior , Instagram ,0.0,35.0,70.0,2023,7,4,17
627,631,0.0,1,2023-07-05 20:15:00, DanceEnthusiastSenior , Twitter ,0.0,18.0,35.0,2023,7,5,20
628,632,0.0,1,2023-07-06 14:30:00, ArtGalleryVisitor , Facebook ,0.0,25.0,50.0,2023,7,6,14
629,633,0.13636363636363635,1,2023-07-07 19:45:00, SeniorBookClub , Instagram ,0.0,22.0,45.0,2023,7,7,19
630,634,0.0,1,2023-07-08 16:00:00, SeniorPicnicHost , Twitter ,0.0,30.0,60.0,2023,7,8,16
631,635,0.0,1,2023-07-09 22:30:00, SeniorActor , Facebook ,0.0,20.0,40.0,2023,7,9,22
632,636,0.0,1,2023-07-10 14:20:00, SeniorHikerExplorer , Instagram ,0.0,28.0,55.0,2023,7,10,14
633,637,0.0,1,2023-07-11 18:45:00, SeniorPhotographerExhibitor , Twitter ,0.0,22.0,45.0,2023,7,11,18
634,638,0.0,1,2023-07-12 13:45:00, SeniorCyclingEnthusiast , Facebook ,0.0,25.0,50.0,2023,7,12,13
635,639,0.39583333333333337,1,2023-07-13 20:00:00, SeniorWineConnoisseur , Instagram ,0.0,35.0,70.0,2023,7,13,20
636,640,0.0,1,2023-07-14 16:15:00, SeniorBallroomDancer , Twitter ,0.0,20.0,40.0,2023,7,14,16
637,641,0.0,1,2023-07-15 19:30:00, SeniorPaintingOrganizer , Facebook ,0.0,28.0,55.0,2023,7,15,19
638,642,0.1,1,2023-07-16 14:00:00, SeniorMemoriesHost , Instagram ,0.0,30.0,60.0,2023,7,16,14
639,643,0.0,0,2023-07-17 22:15:00, SeniorStargazer , Twitter ,0.0,18.0,35.0,2023,7,17,22
640,644,0.13333333333333333,1,2023-07-18 16:30:00, SeniorJazzFestivalGoer , Facebook ,0.0,25.0,50.0,2023,7,18,16
641,645,0.0,1,2023-07-19 19:45:00, WisdomBloggerSenior , Instagram ,0.0,22.0,45.0,2023,7,19,19
642,646,0.375,1,2023-07-20 17:00:00, SeniorCharityRunner , Twitter ,0.0,30.0,60.0,2023,7,20,17
643,647,0.625,1,2023-08-01 13:30:00, PhysicsWhizHighSchool , Instagram ,0.0,20.0,40.0,2023,8,1,13
644,648,0.75,1,2023-08-02 14:45:00, CodeExplorerHighSchool , Twitter ,0.0,25.0,50.0,2023,8,2,14
645,649,0.25,1,2023-08-03 12:15:00, DebateWarriorHighSchool , Facebook ,0.0,18.0,35.0,2023,8,3,12
646,650,0.0,1,2023-08-04 16:30:00, PhotoClubHighSchool , Instagram ,0.0,22.0,45.0,2023,8,4,16
647,651,0.0,1,2023-08-05 19:45:00, PromDreamerHighSchool , Twitter ,0.0,30.0,60.0,2023,8,5,19
648,652,0.375,1,2023-08-06 14:00:00, OutdoorClassHighSchool , Facebook ,0.0,28.0,55.0,2023,8,6,14
649,653,0.14285714285714285,-1,2023-08-07 19:45:00, PaintSpillHighSchool , Instagram ,0.0,22.0,45.0,2023,8,7,19
650,654,1.0,1,2023-08-08 16:00:00, SkateProHighSchool , Twitter ,0.0,30.0,60.0,2023,8,8,16
651,655,0.625,1,2023-08-09 22:30:00, KpopFangirlHighSchool , Facebook ,0.0,20.0,40.0,2023,8,9,22
652,656,-0.125,1,2023-08-10 14:20:00, ChemistryWizardHighSchool , Instagram ,0.0,28.0,55.0,2023,8,10,14
653,657,0.9375,1,2023-08-11 18:45:00, BirthdayPartyPlannerHighSchool , Twitter ,0.0,22.0,45.0,2023,8,11,18
654,658,0.0625,1,2023-08-12 13:45:00, DramaClubStarHighSchool , Facebook ,0.0,25.0,50.0,2023,8,12,13
655,659,0.7312500000000001,1,2023-08-13 20:00:00, FantasyBookNerdHighSchool , Instagram ,0.0,35.0,70.0,2023,8,13,20
656,660,0.0,1,2023-08-14 16:15:00, DoodleMasterHighSchool , Twitter ,0.0,20.0,40.0,2023,8,14,16
657,661,0.0,1,2023-08-15 19:30:00, HandstandChallengeHighSchool , Facebook ,0.0,28.0,55.0,2023,8,15,19
658,662,0.0,-1,2023-08-16 14:00:00, SnackSmugglerHighSchool , Instagram ,0.0,30.0,60.0,2023,8,16,14
659,663,0.0,1,2023-08-17 22:15:00, SleepoverHostHighSchool , Twitter ,0.0,18.0,35.0,2023,8,17,22
660,664,-0.18125,-1,2023-08-18 16:30:00, TikTokFailHighSchool , Facebook ,0.0,25.0,50.0,2023,8,18,16
661,665,-0.01666666666666668,-1,2023-08-19 19:45:00, SocialMediaBlunderHighSchool , Instagram ,0.0,22.0,45.0,2023,8,19,19
662,666,0.45,-1,2023-08-20 17:00:00, CrushFailHighSchool , Twitter ,0.0,30.0,60.0,2023,8,20,17
663,667,0.17045454545454544,1,2023-08-21 15:45:00, PaperPlaneExpertHighSchool , Instagram ,0.0,15.0,30.0,2023,8,21,15
664,668,0.20170454545454544,1,2023-08-22 12:30:00, JugglingProHighSchool , Facebook ,0.0,22.0,40.0,2023,8,22,12
665,669,0.0,-1,2023-08-23 16:45:00, SnackNinjaHighSchool , Twitter ,0.0,28.0,55.0,2023,8,23,16
666,670,0.0,1,2023-08-24 18:20:00, ScavengerHuntMasterHighSchool , Instagram ,0.0,20.0,38.0,2023,8,24,18
667,671,0.625,1,2023-08-25 14:15:00, RainDanceCelebrationHighSchool , Facebook ,0.0,25.0,50.0,2023,8,25,14
668,672,-0.625,-1,2023-08-26 17:30:00, GroupChatBlunderHighSchool , Twitter ,0.0,18.0,35.0,2023,8,26,17
669,673,0.08333333333333333,-1,2023-08-27 20:45:00, MagicFailHighSchool , Instagram ,0.0,22.0,45.0,2023,8,27,20
670,674,-0.36458333333333337,1,2023-08-28 16:00:00, OrigamiProHighSchool , Twitter ,0.0,18.0,36.0,2023,8,28,16
671,675,0.3806818181818182,1,2023-08-29 13:45:00, HackySackChampionHighSchool , Instagram ,0.0,26.0,48.0,2023,8,29,13
672,676,-0.5,1,2023-08-30 17:30:00, SecretHandshakeHighSchool , Facebook ,0.0,20.0,40.0,2023,8,30,17
673,677,1.0,1,2023-08-31 20:15:00, BurgerQuestHighSchool , Twitter ,0.0,24.0,42.0,2023,8,31,20
674,678,0.0,1,2023-09-01 14:45:00, ComedyGeniusHighSchool , Instagram ,0.0,21.0,39.0,2023,9,1,14
675,679,-0.03125,-1,2023-09-02 18:30:00, LoveLetterBlunderHighSchool , Facebook ,0.0,17.0,33.0,2023,9,2,18
676,680,0.625,1,2023-09-03 22:00:00, ScienceExperimentProHighSchool , Twitter ,0.0,23.0,44.0,2023,9,3,22
677,681,0.25,1,2023-09-04 15:15:00, BraceletCraftsmanHighSchool , Instagram ,0.0,19.0,37.0,2023,9,4,15
678,682,0.625,1,2023-09-05 12:30:00, CartwheelMasterHighSchool , Twitter ,0.0,27.0,52.0,2023,9,5,12
679,683,0.0,1,2023-09-06 16:45:00, MovieMarathonHostHighSchool , Facebook ,0.0,22.0,43.0,2023,9,6,16
680,684,0.2954545454545454,1,2023-09-07 18:20:00, HairColorExperimentHighSchool , Instagram ,0.0,20.0,39.0,2023,9,7,18
681,685,0.0,1,2023-09-08 14:15:00, TimeCapsuleCreatorHighSchool , Facebook ,0.0,26.0,48.0,2023,9,8,14
682,686,-0.43333333333333335,-1,2023-09-09 17:30:00, ClassroomBlunderHighSchool , Twitter ,0.0,16.0,32.0,2023,9,9,17
683,687,0.3806818181818182,1,2023-09-10 20:45:00, SmoothieConnoisseurHighSchool , Instagram ,0.0,23.0,42.0,2023,9,10,20
684,688,0.0,-1,2023-09-11 15:45:00, OverwhelmedHighSchoolStudent , Twitter ,0.0,15.0,28.0,2023,9,11,15
685,689,-0.6608333333333333,-1,2023-09-12 12:30:00, DealingWithHateHighSchool , Instagram ,0.0,18.0,36.0,2023,9,12,12
686,690,-0.7799999999999998,-1,2023-09-13 16:45:00, ToughDayHighSchool , Facebook ,0.0,20.0,40.0,2023,9,13,16
687,691,-0.37777777777777777,-1,2023-09-14 18:20:00, SportsTeamRejectionHighSchool , Twitter ,-0.6,17.0,34.0,2023,9,14,18
688,692,-0.6499999999999999,-1,2023-09-15 14:15:00, CafeteriaConflictHighSchool , Instagram ,0.0,21.0,41.0,2023,9,15,14
689,693,0.03125,-1,2023-09-16 17:30:00, ProjectGradeDisappointmentHighSchool , Facebook ,0.0,19.0,38.0,2023,9,16,17
690,694,0.05,-1,2023-09-17 20:45:00, PersonalSetbackHighSchool , Twitter ,0.0,22.0,44.0,2023,9,17,20
691,695,-0.09999999999999999,-1,2023-09-18 22:00:00, LonelySaturdayHighSchool , Instagram ,0.0,16.0,31.0,2023,9,18,22
692,696,-0.7,-1,2023-09-19 15:15:00, CyberbullyingVictimHighSchool , Facebook ,0.0,14.0,27.0,2023,9,19,15
693,697,-0.6999999999999998,-1,2023-09-20 12:30:00, RainyDayBluesHighSchool , Twitter ,0.0,18.0,35.0,2023,9,20,12
694,698,0.11875000000000001,-1,2023-09-21 16:45:00, MissedOpportunityHighSchool , Instagram ,0.0,20.0,39.0,2023,9,21,16
695,699,0.0,-1,2023-09-22 18:20:00, RumorVictimHighSchool , Facebook ,0.0,23.0,46.0,2023,9,22,18
696,700,-0.1666666666666666,-1,2023-09-23 14:15:00, FlatTireWoesHighSchool , Twitter ,0.0,25.0,50.0,2023,9,23,14
697,701,-0.65,-1,2023-09-24 17:30:00, FriendMovingAwayHighSchool , Instagram ,0.0,21.0,42.0,2023,9,24,17
698,702,-0.125,-1,2023-09-25 20:45:00, CollegeRejectionHighSchool , Facebook ,0.0,19.0,37.0,2023,9,25,20
699,703,-0.7,-1,2023-09-26 14:15:00, GamingToxicityHighSchool , Twitter ,0.0,16.0,32.0,2023,9,26,14
700,704,-0.6999999999999998,-1,2023-09-27 17:30:00, BadHairDayBluesHighSchool , Instagram ,0.0,18.0,36.0,2023,9,27,17
701,705,-0.18194444444444446,-1,2023-09-28 22:00:00, ProjectFailureDespairHighSchool , Facebook ,0.0,21.0,41.0,2023,9,28,22
702,706,-0.4,-1,2023-09-29 15:45:00, OpinionsHateHighSchool , Twitter ,0.0,24.0,48.0,2023,9,29,15
703,707,-0.3499999999999999,-1,2023-09-30 18:20:00, TechMalfunctionWoesHighSchool , Instagram ,0.0,22.0,43.0,2023,9,30,18
704,708,0.043750000000000004,-1,2023-10-01 14:15:00, MissedEventBluesHighSchool , Facebook ,0.0,20.0,39.0,2023,10,1,14
705,709,0.06818181818181818,0,2023-10-02 16:45:00, StudyTechniqueExperimentHighSchool , Instagram ,0.0,23.0,42.0,2023,10,2,16
706,710,0.0,0,2023-10-03 12:30:00, CommunityCleanupHighSchool , Twitter ,0.0,26.0,50.0,2023,10,3,12
707,711,0.65,0,2023-10-04 18:20:00, BookRecommendationsHighSchool , Facebook ,0.0,19.0,38.0,2023,10,4,18
708,712,0.13636363636363635,0,2023-10-05 14:15:00, BakeSaleRecipeExperimentHighSchool , Instagram ,0.0,21.0,43.0,2023,10,5,14
709,713,0.0,0,2023-10-06 17:30:00, SchoolProjectCollaborationHighSchool , Twitter ,0.0,18.0,36.0,2023,10,6,17
710,714,0.13636363636363635,0,2023-10-07 20:45:00, ExtracurricularExplorationHighSchool , Instagram ,0.0,22.0,45.0,2023,10,7,20
711,715,0.13636363636363635,0,2023-10-08 15:15:00, PartTimeJobExplorationHighSchool , Facebook ,0.0,24.0,48.0,2023,10,8,15
712,716,0.0,0,2023-10-09 22:00:00, SchoolAssemblyParticipationHighSchool , Twitter ,0.0,20.0,40.0,2023,10,9,22
713,717,0.2681818181818182,0,2023-10-10 14:15:00, PhotographyHobbyHighSchool , Instagram ,0.0,25.0,49.0,2023,10,10,14
714,718,0.69875,0,2023-10-11 16:45:00, ScienceFairParticipationHighSchool , Facebook ,0.0,19.0,37.0,2023,10,11,16
715,719,0.0,0,2023-10-12 18:20:00, TimeManagementWorkshopHighSchool , Twitter ,0.0,23.0,44.0,2023,10,12,18
716,720,0.011111111111111112,0,2023-10-13 12:30:00, CharityEventVolunteerHighSchool , Instagram ,0.0,20.0,39.0,2023,10,13,12
717,721,0.1,0,2023-10-14 17:30:00, GroupProjectCollaborationHighSchool , Facebook ,0.0,18.0,35.0,2023,10,14,17
718,722,0.15,0,2023-10-15 20:45:00, DebateClubParticipationHighSchool , Twitter ,0.0,22.0,43.0,2023,10,15,20
719,723,0.0,1,2023-10-16 15:45:00, BirthdaySurpriseHighSchool , Instagram ,0.0,27.0,52.0,2023,10,16,15
720,724,0.6875,1,2023-10-17 12:30:00, CodingSuccessHighSchool , Twitter ,0.0,24.0,48.0,2023,10,17,12
721,725,0.0,1,2023-10-18 16:45:00, TalentShowSupportHighSchool , Facebook ,0.0,19.0,38.0,2023,10,18,16
722,726,0.5056818181818181,1,2023-10-19 18:20:00, WeekendHikeHighSchool , Instagram ,0.0,21.0,42.0,2023,10,19,18
723,727,0.4375,1,2023-10-20 14:15:00, SportsVictoryHighSchool , Twitter ,0.0,26.0,50.0,2023,10,20,14
724,728,0.0,1,2023-10-21 17:30:00, PenPalConnectionHighSchool , Facebook ,0.0,23.0,45.0,2023,10,21,17
725,729,1.0,1,2023-10-22 20:45:00, MuralCreationHighSchool , Instagram ,0.0,22.0,43.0,2023,10,22,20
726,730,0.28409090909090906,1,2015-11-10 16:45:00, ArtExhibitionJoyHighSchool , Instagram ,0.0,23.0,44.0,2015,11,10,16
727,731,0.5,1,2016-09-14 12:30:00, TrackFieldSuccessHighSchool , Twitter ,0.0,26.0,51.0,2016,9,14,12
728,732,0.875,1,2017-08-18 18:20:00, ScienceProjectSuccessHighSchool , Facebook ,0.0,20.0,39.0,2017,8,18,18
729,733,0.6875,1,2018-06-22 14:15:00, BirthdayPartyJoyHighSchool , Instagram ,0.0,25.0,48.0,2018,6,22,14
730,734,0.5166666666666667,1,2019-04-05 17:30:00, CharityFundraisingTriumphHighSchool , Twitter ,0.0,22.0,42.0,2019,4,5,17
731,735,1.0,1,2020-02-29 20:45:00, MulticulturalFestivalJoyHighSchool , Facebook ,0.0,21.0,43.0,2020,2,29,20
732,736,0.625,1,2020-11-15 15:15:00, VirtualTalentShowSuccessHighSchool , Instagram ,0.0,24.0,47.0,2020,11,15,15
